#Date,Amer Sport A,Cargotec,Elisa,Fortum,Huhtamaki,Kesko B,Kone,Konecranes,Metso,Metsa Board B,Neste,Nokia,Nokian Renkaat,Nordea,Orion B,Outokumpu,Outotec,Sampo A,Stora Enso R,Telia,Tieto,UPM-Kymmene,Valmet,Wartsila,YIT
2017-01-02,0.867042098,0.351235324,0.708376691,1.410716063,0.863821829,0.374749574,0.385331273,0.795958877,0.502704376,0.475258177,0.950181304,0.486890425,1.513470263,0.111510073,0.812469113,0.050295326,0.858705118,1.037981706,0.218045706,0.954038341,1.359036788,0.26899308,1.109490453,0.436975777,1.689403538
2017-01-03,-0.958749684,0.183760906,-1.358285024,-0.514294327,-0.025817712,0.016107977,0.657802206,1.119488804,0.753933333,-0.783771434,-1.217266198,-0.661633796,-0.352366908,1.041565554,0.787159441,-0.045540663,0.722398267,0.690437545,0.017617223,-0.158186139,-0.697453596,0.20148418,-0.369517293,0.09704718,0.446453472
2017-01-04,-0.058248849,-1.210749088,0.760381622,-0.312903042,-0.459992774,0.095173585,0.060081467,-0.294474346,-0.255034574,-0.428534708,-0.680968144,0.12018091,-0.287493482,0.051667361,0.064362295,-0.319163302,-0.574195471,0.63149283,-0.481920093,0.717820225,-0.337980601,-0.477727492,-0.082812612,-0.122832284,-0.310269132
2017-01-05,0.309264568,-0.215418175,0.728323788,0.09774165,-0.170972822,0.671403735,-0.214368673,-0.350369707,0.074196922,0.264275039,-3.169217417,-0.03248999,0.193731777,-0.701976793,0.373375733,-0.339038379,-0.717552676,0.0719008,0.168449883,0.786686322,0.074841743,0.114907882,-0.263216805,-0.359139525,-0.154692939
2017-01-09,-0.302431457,-0.363385629,-0.047475801,0.506572006,-0.609663821,-0.745451958,-0.383261067,-0.421423131,-0.514367691,-0.39271664,-1.868097542,0.010916443,0.471138289,-1.660706908,-0.515405773,0.149398451,-0.421437793,0.10634901,-0.940553636,-0.87276445,0.098975972,-0.546782396,-0.519257883,-0.375567301,-0.846280977
2017-01-10,0.308644815,0.157117249,-0.274730226,0.056011925,-0.411607737,0.252672275,0.060081467,0.358743471,0.368985738,-0.027666745,0.098509596,-0.076395346,-0.765813961,-0.486917047,-0.125165946,0.517768034,0.405132321,-1.808205939,0.222136083,-0.309987749,0.267915577,-0.149974363,0.388895801,0.068614491,0.535235619
2017-01-11,-0.204510513,0.246088033,0.225371988,-0.433858768,-0.080654087,-0.697380069,0.654503526,0.057003261,-1.225001212,-0.21117301,-0.545808006,-0.582304799,0.433860276,0.234312304,-0.17990547,1.003754512,0.538753323,-0.999821283,0.371946148,0.451241788,-0.677765146,0.094294478,-0.519257883,0.436975777,0.685003634
2017-01-12,-0.795754694,-0.566543516,-0.20634018,0.302156828,-1.067063701,-0.663856251,-0.381281859,-0.434212748,-0.433326092,-0.433931951,0.42908198,-1.242381925,-0.892171901,0.233688943,-1.099882618,-1.95572617,-0.123308524,-0.721173541,-0.5882699,-0.118939869,-0.68475137,0.115938552,-0.33987581,-0.300378633,-0.759158308
2017-01-13,0.484034861,0.607680526,0.405608256,0.503548113,0.683184359,0.456977806,0.454603544,0.317532485,0.321880309,0.708320946,-0.050220836,1.08709661,0.006857581,1.297143803,0.80717174,0.101480457,-0.256593794,0.654458304,1.421127901,0.600821911,0.835069967,0.728671996,0.318880576,0.274593529,0.345640098
2017-01-16,-0.180959906,-1.57329314,0.020201849,-0.146588918,-0.696111753,0.082523087,-0.077143603,-0.36647515,0.169927311,-0.652765625,-0.761847101,-0.524429556,0.276518013,-0.182716595,-0.358838965,-0.046629708,-0.158224564,-0.666821921,-0.578043957,-0.535098429,-0.266213025,-0.06082139,-0.929639092,-0.44759678,-0.314002961
2017-01-17,-0.676142402,0.321736989,-0.705017601,0.299132935,-0.910941316,-0.463345869,-0.946675538,-0.493423935,-0.074210506,-0.324515114,0.546329327,-0.28145332,-0.861187579,-0.301155295,-0.664909418,-0.428067835,-0.394915032,-0.635435774,0.217023112,-0.119680365,-0.932444777,-0.301482885,-0.75638974,-0.52468096,-0.050560607
2017-01-18,0.682975513,1.256643894,0.338643003,0.498709884,0.278040319,-0.117354769,-0.139158779,0.86795968,0.877015262,-0.139536875,0.441566651,-0.033986763,-1.043220473,0.522928717,0.740660276,0.318472738,0.645515832,0.112473136,0.265085044,-0.464010846,-0.096638308,0.527175969,1.90827729,0.425602701,0.319503298
2017-01-19,-0.3780413,0.564384583,-0.070272483,0.495081212,-0.536763699,0.22990138,0.488909812,0.341216959,0.332517018,1.079258742,1.461510016,0.055819649,1.166833155,0.227455327,0.079077221,0.347060178,1.087002306,0.277059027,1.47685929,-0.38996128,0.398113393,0.263324393,0.814097752,0.142539483,0.421561281
2017-01-20,0.114662185,0.86127105,0.987636047,0.174548537,1.031556623,-0.157203836,0.196646801,0.405638731,0.730127363,0.408037968,-0.576748279,0.348189411,-0.033809342,1.15003047,-0.317637173,-0.991648792,0.360480077,0.185197135,0.302921033,-0.1989134,0.174554216,0.282907127,0.272374113,0.931704571,-0.154278069
2017-01-23,0.236753489,0.083371411,-0.608131702,-0.342537195,-0.532247762,-0.18376988,-0.168846895,-0.171788766,-0.089912316,-0.573278954,-0.259203378,-1.651998947,-0.444835745,-0.524318742,-0.071603617,0.603802615,0.008633822,-0.782414803,-0.079529235,-1.01938259,0.198688446,-0.425678646,-0.082301552,-0.443173917,0.444793992
2017-01-24,0.698469333,0.863649948,-0.024679119,-0.505827426,-0.06259034,-0.399460858,2.332871692,0.389533288,0.774700243,0.336401833,0.54090121,0.08026695,-0.089000166,0.797207814,-0.958030736,0.79901399,0.826139195,0.678954808,0.772291817,0.346091405,-0.047099627,0.795150225,0.6561802,0.807864413,-0.570807397
2017-01-25,-0.130759928,0.533934688,0.624313926,0.136447483,0.313522679,0.445592359,0.305503227,1.338807041,0.815727552,0.441893402,-2.870670929,-0.641177891,0.295399085,1.291533549,0.814234904,-0.44957648,0.806666788,1.247733028,0.806037429,0.887393731,0.392397392,0.383397473,1.194326419,0.525433032,-0.287036421
2017-01-26,0.498289175,0.350759544,0.063658024,-0.306855255,0.813501391,-0.358346742,-3.916806624,0.451112923,0.158784091,-1.302397427,0.050742158,1.557083498,-0.047849113,0.991073266,0.951378011,-0.177042886,-0.603404082,0.980568023,0.106582927,0.840002009,-0.461827305,-0.909062977,0.292305455,0.050923039,-1.149550836
2017-01-27,-0.226201861,-0.076966312,-1.282771014,0.056011925,1.002525601,0.271015497,-1.967946733,-0.113998647,0.035702162,-0.24944437,0.29934996,-0.744455265,-0.198413555,-0.780520353,0.293326538,0.457053757,0.101295622,0.143093767,0.243610564,-1.706562562,0.417166732,0.472035112,-0.625558371,4.338572591,-0.903947885
2017-01-30,-0.762288043,-1.097989324,-0.615968062,-1.043475631,-1.554784871,-0.816927268,0.175535252,-0.982271496,-1.024929764,-1.190036639,-1.155385653,-1.345160374,-0.047849113,0.049173914,-0.327054726,-0.631991572,-0.707480741,-0.493049841,-1.143538605,-1.308916393,-1.077250153,-0.85083011,-0.424711776,-1.178632815,-0.500279523
2017-01-31,-1.994976384,-0.355773155,0.020914245,0.302156828,-1.172220514,0.084420662,0.712560286,0.145109508,0.19677234,-1.062956098,0.237469415,-0.705040228,-0.684964245,-0.11788699,-0.600752342,0.002649593,-0.43486704,-0.477739525,-1.940139565,0.706712791,-0.047099627,-6.791613233,-0.706305856,-0.170851937,-0.166309295
2017-02-01,0.293770748,0.834627393,0.429829731,-0.642507397,-0.234195936,-0.280546184,-0.457811226,0.053687435,0.690113074,0.741195063,-0.641885694,0.703423662,0.630901202,-0.006305267,-0.29056171,0.426832749,0.796259122,0.09180421,0.403646572,-0.481782742,0.593727673,3.125495582,-0.221820942,-0.307960684,0.312035641
2017-02-02,0.192131287,-2.187048818,-0.89095304,-2.173202118,-0.655468322,-4.792346032,-1.65193323,-0.063313871,0.350751378,0.086656676,0.492048148,2.8009023,1.563335657,0.271713999,1.069686013,1.862466754,0.778465371,0.127017936,0.733433234,-0.007125025,-0.071233856,1.43931911,0.022976815,0.698556519,0.170150152
2017-02-03,0.141311556,0.041502807,-0.438581379,0.058431039,0.032889466,1.421578222,0.13067321,-0.852006884,-2.629553424,-1.339196812,0.868216723,-0.168696381,0.798410195,-0.006305267,0.010211369,0.936505963,-0.450982135,0.46307936,-3.620773298,-0.166331591,-0.194445448,-1.865009602,-0.787564402,0.783222749,-3.640429407
2017-02-06,-0.963087953,-0.344354445,-0.57963585,-0.285083225,-0.005818563,0.517700193,-0.323884835,-0.570635323,0.110665641,-0.855407569,0.181016989,-0.395707032,-0.375121019,-0.061784447,0.170898357,0.088139651,-0.394915032,-0.440994768,-0.775915954,-0.607667004,-0.714601601,-0.412279933,-0.082812612,0.403488387,0.032828233
2017-02-07,-0.185298175,-0.27964842,0.16125632,0.316066737,0.452871584,0.019270601,-0.521805609,0.296216457,1.623610992,-0.146896751,-3.132306215,1.243259981,0.699647667,0.270467276,-0.016864094,0.74592303,1.084316457,0.480686223,-0.839316801,-0.249267105,-0.396410841,-0.203053879,0.483441908,1.817540803,-0.889842311
2017-02-08,0.143790567,1.182422277,0.483259455,0.357191684,0.241267691,0.652427989,0.230293333,-2.638289979,-0.768129197,0.051819925,2.453227167,0.429514106,-0.978347048,0.324699734,-1.495419819,0.267559869,-1.129494809,-0.298608834,-0.242633026,0.275003821,0.40128895,-0.416402614,-1.87305592,-0.551218137,-0.247208915
2017-02-09,-4.762792438,3.421441054,0.592968488,-0.112116535,-1.113513336,-0.59870619,-0.490138285,1.156436584,0.126873961,0.091563261,2.086286393,0.404567881,0.270224323,0.26797383,3.333430167,-0.069771921,0.164748811,0.479155192,0.466536121,0.153562533,-0.096638308,0.805456927,2.961060964,0.481204405,0.930606585
2017-02-10,-0.885618852,-0.664078333,-0.275442622,0.228373835,-0.140006398,-0.291299107,0.622836202,0.33079579,0.820792652,0.051819925,1.009890601,-0.251018925,-0.020253701,0.15763883,0.576441706,0.223725795,0.441727018,0.143093767,0.513064162,-0.087839051,0.027208395,0.447299027,-0.012797387,0.655591566,-0.273760586
2017-02-13,1.362224594,0.512524607,-0.690057279,0.397107074,-0.450315767,-0.023108565,0.761380744,1.252121863,1.050748189,0.445818669,-0.428017847,0.921952597,-0.25796155,0.157015468,0.366312569,0.536554066,1.423404928,-0.085795449,0.533004751,0.233536065,-0.146812101,0.190662143,0.3633428,0.256902078,0.186744946
2017-02-14,1.411185066,-0.116456019,0.22893397,0.05782626,0.072242629,-0.178709681,0.353663949,-0.117314474,-0.120809426,0.246120676,0.01220252,0.204000228,-0.512613951,-0.169626001,0.236821223,-0.411459893,0.067386775,-0.068188586,-0.0319786,0.193549299,0.695980592,-0.361261757,0.292305455,-0.263100218,-0.771189534
2017-02-15,0.20390659,0.346953307,-0.070272483,0.05782626,5.344921358,-0.579097919,0.525855023,-1.357907267,0.22614992,0.128362645,-0.06650519,0.245909887,0.985768521,0.320336203,0.007856981,0.288796253,-0.050119131,-0.138616038,1.378690237,-0.127825817,0.394937837,0.51223125,-0.831515565,-0.251095305,-0.122747961
2017-02-16,-2.068107215,-0.387650388,0.638561852,-0.026842748,-2.072182196,-0.02247604,0.031712823,-1.228116345,-0.450547432,0.244158042,0.043685604,0.350684034,-0.786147423,0.102159649,0.826006845,-0.19201726,-0.586281793,-0.297843318,-0.0319786,1.108801933,0.026573284,0.325164606,-0.669509534,0.041445476,0.002542734
2017-02-17,-0.910408964,-1.159840672,-0.184255894,-0.365518783,-1.476078544,-0.309642328,-0.063289149,-0.503371414,-0.825871337,-1.044311076,0.418768555,-0.15871789,0.006373451,-0.006305267,-0.494804878,-0.795348372,-0.965322272,0.143859283,-0.131681545,-0.046371295,-0.096003197,0.006172175,-0.712438577,-0.443805755,-0.091632722
2017-02-20,0.104126387,0.662395179,0.836608028,0.607570038,0.087725841,-0.238799543,-0.19061818,0.342164338,0.124847921,0.405094017,-0.379164785,0.265367943,0.245049561,-0.006305267,0.107918475,0.183703379,0.008633822,0.389589846,0.067724344,0.427545927,0.876987312,-0.039177315,0.269307753,0.182345248,0.408700315
2017-02-21,-0.088616737,0.340292393,0.087879499,0.392873623,-0.08129922,0.035083723,0.015879161,0.866064922,0.265151189,0.67201222,0.089824607,0.452963558,0.675925296,0.102159649,0.320402001,0.154571416,0.529688582,0.422507024,-0.081574424,0.58230952,-0.191269891,0.322072596,0.09299204,0.067350815,0.650569437
2017-02-22,-0.337757367,-0.217797072,-0.137237737,-0.277825881,-0.138070997,-0.659428577,-0.031621825,-0.314842994,-0.511835141,0.471823568,-0.191894715,0.157101324,-0.059468234,-1.208146398,-0.105153648,-0.266344603,-0.419759137,-0.050581724,-0.181277368,-0.045630799,-0.459286859,-0.174195113,-0.117053635,-0.418532253,-0.490322646
2017-02-23,-0.617885638,-0.331032616,0.176929039,0.015491756,-0.006463697,-0.037024112,-0.110790135,0.030950339,-0.355830063,-1.266088701,-0.349310136,0.260877622,0.292010174,-0.116640267,0.1820817,-0.411459893,-0.425466567,-0.032974861,-0.533049808,0.423102953,0.074841743,-0.812179977,0.301504535,-0.099454295,-0.59030628
2017-02-24,-0.201411748,-1.141285267,-0.474913591,-0.448373456,-0.87610409,-0.372894814,-0.015788163,-1.231432172,-0.975291785,-0.817626868,-0.747733994,0.156103475,0.044619724,-0.505617894,-0.280555561,-0.826930686,-0.748775674,-0.435636158,-0.589292494,-0.161888617,0.365722717,-0.407126582,-1.17085943,-0.641570905,-0.53512859
2017-02-27,0.106605399,0.100023697,-0.432169812,0.563421198,0.108370123,-0.198317952,0.538390005,0.442112822,0.128393491,0.801546053,0.23584098,0.300292658,-0.371247979,-0.96067185,-0.344124039,0.162739256,0.389352957,-0.828345749,0.373991337,-0.476599272,0.12247509,0.122122574,0.165562566,-0.086817544,0.161437886
2017-02-28,0.689792794,0.213735021,0.13418526,0.350539119,0.127079004,0.226106231,0.579953368,0.381954256,0.109652621,0.439930768,-2.250779858,-0.050950196,-0.00718219,0.219351626,-0.295270486,0.132245987,-0.054483636,-0.175360795,0.068746938,0.503076484,-0.094732974,0.00668751,0.23506673,-0.256150005,-0.12440744
2017-03-01,0.872619873,1.13198964,-0.001882437,0.514434129,0.428356499,0.428514187,-2.789317947,0.003476348,0.686060994,0.397243482,1.383345117,0.950890219,1.431168157,0.6108227,0.810703322,0.973261243,1.03597117,0.693499608,1.213541258,0.654878094,0.459084078,1.298632625,2.18936031,1.279215218,0.129492907
2017-03-02,-0.251611726,0.055300415,0.963414572,1.447002781,-0.043881459,-0.167324234,0.309461643,0.267321398,0.322386819,0.317266153,-0.034479294,0.112198118,-0.197929425,-0.398399702,0.688275141,-0.481158794,0.008633822,0.354376121,0.603563757,0.032861741,-0.358939274,0.384428144,-0.486550041,-0.778679652,-0.50816205
2017-03-03,-0.307389479,-0.076014753,-0.002594833,0.096532093,-0.345804088,-0.066120255,-0.1615898,-0.344211743,0.284905079,-0.952557944,0.157676081,0.393092617,0.081413607,0.608329254,0.178550118,0.747284337,0.191943035,0.002238865,-0.32444057,-0.121901852,-0.384978837,-0.239642672,-0.013308447,-1.25950802,-0.029402245
2017-03-06,-0.446833862,-0.564164618,0.263841389,-0.186504307,-0.119362116,0.180564441,0.19532733,-0.360317186,-0.622760829,-0.378978203,-0.468185919,-0.330846846,-0.096262117,-0.228845352,0.628826841,-0.575361215,-0.144123856,-0.31391915,-0.375058988,-0.044890303,-0.046464515,-0.531837678,-0.250951364,-0.444437593,0.322822257
2017-03-07,0.215062141,1.443625275,0.284500883,-0.513689548,0.107079856,-0.400093383,-0.388538954,0.700747288,-0.142589355,0.050838608,0.158761705,-0.312885564,0.872482091,0.105276457,0.296269523,-0.113061473,1.506330524,-0.723470088,0.213444032,0.458646745,0.147244431,-0.084011469,0.292305455,0.071141841,0.635634122
2017-03-08,0.515022501,-0.154518386,-0.313199627,-0.765882238,-0.460637908,-0.387442886,-0.325204307,0.017213343,0.036715182,-0.263182807,-0.01819494,-0.254012472,-0.408041862,0.160755638,-0.393566189,-0.113605996,-0.671893238,0.780768406,0.212421438,-0.587673621,0.025938173,-0.084011469,-0.182469319,0.031336076,0.159363536
2017-03-09,1.075898795,-0.404302674,0.943467475,-0.316531714,0.070307228,-0.257142764,-0.293536983,-0.594793487,-1.015306074,-0.027666745,-0.227177482,0.66001723,-1.344833488,0.602095638,0.345123076,-0.973679545,-0.747097018,0.528148201,-0.472716744,0.305364143,-0.240173461,-0.01650257,-0.421645416,-0.339552561,-0.850844545
2017-03-10,-1.444016135,-0.175928468,0.322970284,-0.696332695,0.485128275,0.489869099,-0.129922476,0.268268777,0.055456052,0.207849316,0.013830955,0.412550673,-0.020253701,0.322829649,0.414577525,-0.311539984,-0.329447456,-0.242726183,-0.130147653,0.110613785,-0.046464515,-0.197385193,-0.081279432,-0.340816236,0.793284665
2017-03-13,-0.280740108,0.024850521,-0.047475801,0.225954721,0.181270245,-0.534821179,-0.32784325,-1.193063322,0.110665641,0.011585931,0.09362429,0.090744364,-0.020253701,-0.006305267,0.017274533,0.811810273,0.71165487,0.03745259,0.75030604,-0.083396078,-0.582498451,-0.107201549,-0.184002499,0.37695121,0.962551563
2017-03-14,-0.115885861,-0.337217751,-0.156472437,-0.279035438,-0.21290652,-0.066120255,0.067338562,0.837169863,0.291996219,-0.027666745,-0.565349231,-0.189152286,-0.13644491,-0.777403545,1.282758135,-0.042818049,-0.911269555,-0.701270131,1.308642528,-0.47363729,0.537837879,-0.06185206,0.430802724,-0.101349808,-0.335576193
2017-03-15,-0.643295503,0.376451642,-0.156472437,-0.153241483,-0.08129922,-0.037024112,0.198626009,0.059371709,1.00769484,0.361916072,0.65597731,0.13115725,0.23778761,0.214988095,-0.030401826,1.908206658,0.533045893,0.793016659,0.811661698,-0.084877069,-0.582498451,0.36690675,0.156363485,0.004798899,-0.245134566
2017-03-16,0.466062029,-0.205902583,0.604366829,0.05782626,0.012245184,-0.287503958,0.083172224,0.073108704,0.17853798,0.66563366,0.929011644,0.607131232,0.847307329,0.324076372,0.494038123,-0.285947419,0.130839964,0.974443897,0.384728577,0.695605356,0.221552452,0.430292968,-0.420623296,0.097679017,-0.184148698
2017-03-17,0.021699263,0.314600295,0.512467704,0.562211641,-1.238669298,0.154630922,0.050185429,0.364427745,0.915003511,-0.027666745,-0.113729817,0.25738515,0.520519553,-3.218487503,0.833070009,-0.109522076,1.645323224,-0.032974861,0.381149497,1.149529195,0.463529857,0.315888574,-0.149250417,0.189295461,-1.167805109
2017-03-20,-0.143774737,0.361226695,-0.155047645,0.723082757,0.774148228,-0.169854333,0.147826344,-0.079893004,0.348218828,-0.065938105,-0.097988275,0.646047343,0.551503875,-0.528682273,-0.030401826,-0.27587375,-0.020574789,0.053528422,-0.261039724,-0.005644033,0.363182272,-0.061336725,-0.04703841,0.162126447,0.797018494
2017-03-21,-0.784599144,-1.49050749,-0.241247599,-0.441720891,-1.708971854,-0.540513903,-0.145756138,-1.429908071,-0.608578549,-0.643933772,1.050601486,-1.2174357,-1.12019715,-1.183835297,-0.777920046,-1.290863997,-0.815250443,-0.1707677,-1.146606388,-0.005644033,-0.626321131,-1.338337122,-0.562186926,-0.894937759,-0.759988048
2017-03-22,-0.992836088,-1.211700648,0.124924108,-1.078552791,-1.158672704,-0.395033184,-0.260550187,-0.439897022,0.035702162,-0.534026277,1.373574505,-0.459070445,0.269740193,-1.024878093,0.143234297,0.058735427,0.334628778,-0.796959603,-0.220135952,-0.312209236,-0.168405885,-0.266440098,-0.150783597,0.521642007,-0.093707071
2017-03-23,-0.432579547,0.956902749,0.317271113,0.565235534,0.015470853,0.43926711,1.155243085,0.803064219,1.040111479,0.594978841,0.216842567,0.211484096,0.765005223,1.130706261,-2.301209145,-0.202635451,1.225323544,-0.120243659,0.948178037,0.797793757,0.22028223,0.729702666,0.674067302,1.180648562,0.418242322
2017-03-24,-0.061967366,0.219444376,-0.864594376,0.05782626,-0.201939245,0.465200629,0.241508844,-1.547383066,-1.939180302,-1.479525131,-0.394906327,-0.289935036,-0.044944333,0.171352785,-0.355307383,0.001016025,-0.162589069,0.089507663,0.060566184,-0.004903538,-3.559900218,-0.084011469,-1.710538828,0.120425169,-0.31690705
2017-03-27,-2.396576205,-0.260141456,0.233208348,-0.110906978,-0.142586934,0.256467425,-0.272425434,-0.627004373,-0.861833546,-1.277864504,-0.502383063,0.581187157,-0.144190991,-0.421464081,-0.211689709,-1.053996638,-1.662300159,0.420210477,-0.495725116,0.146898072,0.054518181,-0.287053502,-0.720615538,-0.280791669,-0.029402245
2017-03-28,-0.421423996,0.239427119,0.231783555,0.519272358,0.212881802,0.37158695,0.033032295,0.343585407,0.307698029,-1.73172358,0.294464654,-0.41865756,0.202446117,0.349634197,0.331585344,0.152393326,0.218465797,0.054293937,0.01454944,0.146898072,0.537837879,0.073681074,0.661801861,0.661278104,-0.287036421
2017-03-29,0.680496502,-0.556552144,-0.305363268,0.348724783,0.231590683,0.873179166,-0.209090786,-0.156630702,0.19829187,-0.154747287,0.825334591,0.030873423,-0.304922164,-0.183963318,-0.030401826,0.404779581,0.306091629,0.261748712,-0.125034682,0.07062702,0.432409403,0.117999893,-0.04703841,0.348518521,-0.484929338
2017-03-30,-0.241075928,-0.066499161,0.017352264,0.346910447,0.445129978,0.20649796,-0.015788163,0.44400758,0.465222637,-0.496245576,0.036629051,0.210985171,0.178239615,0.76042948,-0.174608097,-0.028388199,-0.169639424,0.087976631,0.339734428,0.335724465,0.279347581,-1.728445799,0.23353355,0.763003948,0.198361302
2017-03-31,0.850928525,0.098120579,0.038724153,0.83678114,0.402551146,0.588542978,0.370157347,1.112857151,-0.195266395,0.525795998,-0.539294265,0.369144241,-0.032841082,0.519188548,0.01786313,-0.117689916,0.275540094,0.156873051,0.106582927,0.297218691,0.452097854,-0.481850173,-0.152316777,-0.09819062,-0.258410401
2017-04-03,-0.091715501,-0.261568795,0.658508949,-0.516713441,-0.979325501,-0.462713345,0.368178139,0.089214147,0.072170882,0.85355585,0.524074044,-0.748446661,-0.268128281,-0.18084651,0.041995608,-0.193106305,-0.109543546,-0.516015314,0.198105117,-0.420321602,-0.071868967,-0.297360204,-0.04703841,0.341568308,0.393765001
2017-04-04,0.200188073,0.486832508,0.016639867,-0.355842325,0.11288606,-2.758778597,0.570717065,0.230373617,-0.106120636,1.406527936,0.720571914,0.091243289,-0.094809727,-1.064773234,0.053767549,0.091134526,-0.438895814,0.365093341,0.014038143,-1.305213915,0.052612847,0.638488352,0.51103915,0.277120879,-0.684481736
2017-04-05,-0.033458737,0.562005685,-0.731376265,-6.536075178,-0.043881459,-0.514580383,0.236230956,-0.821690756,-0.285931684,1.756858077,-0.06650519,-0.758924075,-0.621543209,0.407606824,0.149708864,0.504154967,0.038513895,-0.067423071,-0.308079061,-0.742437214,-0.097273419,-0.318488943,0.744593587,0.461617441,0.035317452
2017-04-06,0.315462096,-0.115980239,0.231071159,0.521086694,0.034179734,0.485441425,0.42293622,-0.024471332,-0.468275281,0.514510854,-1.325828557,0.620103269,0.643488583,0.346517389,0.029635071,0.176080062,0.485372068,0.311507237,0.473182984,-1.622146057,-0.3716415,0.471519777,-0.458441739,0.334618095,0.461388786
2017-04-07,0.34273122,2.89618038,-4.094599276,-0.075829817,-0.043881459,0.22990138,0.155743175,1.026171973,0.488015586,-0.336781576,0.096338348,0.071286308,0.004436931,-0.359127923,0.07731143,-0.042818049,0.273861438,-0.101105765,0.739057502,-0.446979446,-0.022330286,0.421016936,0.500817949,0.2101461,-0.258825271
2017-04-10,-0.380520311,-0.588429377,0.042998531,-0.398176829,-0.004528296,-0.02247604,0.108242189,0.644851927,0.162329661,-0.143952801,0.198929778,0.591664572,0.338970788,0.052290722,0.136759729,0.059007689,0.184221218,0.139266188,0.058009698,0.232795569,0.002439055,-0.08504214,-0.217732462,0.634740927,0.198776172
2017-04-11,-0.324122805,-0.391456625,-0.568949905,-0.123002551,-0.61288949,-0.125577593,0.293627981,-0.46973946,0.2504624,0.08861931,-0.375907914,-0.771896113,-1.574795256,-0.124120606,-0.173430902,-0.482520101,-0.314003822,0.139266188,-0.57395358,0.94737388,-0.172851664,0.00668751,0.055173598,-0.582810014,2.009683061
2017-04-12,1.00648648,0.778485401,1.283280519,0.384406722,1.031556623,-0.037024112,0.537730269,0.003476348,0.24944938,0.473786202,0.798736813,0.473918388,0.1070725,0.405113378,0.539948691,-0.251097969,0.008633822,0.581734305,0.149531888,0.309066622,0.576579668,-0.245826693,3.478764781,0.814814626,0.985784275
2017-04-13,-0.320404288,-0.083151447,-0.159322023,-0.260892079,-0.785140221,-0.274220935,0.624155674,-0.388738556,-0.212487735,0.087147334,0.296093089,-0.290433961,-0.211000936,-0.653977951,0.158537819,-0.118234438,2.752564588,-0.117181596,0.239008889,-0.560275282,-0.296063256,0.075742414,0.805409731,0.265747803,0.275112224
2017-04-18,-0.004950107,-0.503740609,-0.226999673,-0.868089827,-0.595470877,-0.081933377,-0.672225398,-0.819322309,-1.37036958,-0.760219828,-0.341710771,-0.822786413,0.2343987,-0.065524617,-0.634302372,-1.051001763,0.089880763,0.001473349,-0.574976174,0.032861741,-0.372911723,-0.430831997,-0.740546879,-0.51709891,-0.758743438
2017-04-19,0.482175602,-0.122165374,-0.249796355,-0.549371487,0.134175476,0.87887189,-0.046795751,-0.19642062,0.073690412,-0.183205478,0.00623159,-0.153229721,-0.109333628,0.524798802,0.076722833,0.433639282,-0.099807343,-0.202919362,-0.305522576,0.468273188,-0.072504079,-0.527199662,0.615295398,-0.581546339,-0.336820803
2017-04-20,0.137593039,0.75612376,0.334368625,0.015491756,1.41928205,0.357671403,0.836590638,0.004423727,0.291996219,0.476239494,0.754226245,0.563225875,0.030579953,0.345270666,0.218574716,0.874158118,0.521295303,0.646803146,0.874551247,0.269079856,0.427963624,0.494709857,0.389917922,1.650103855,0.678780587
2017-04-21,-1.095095302,-1.107029137,-0.204202991,0.06266449,-0.430961752,0.21029311,-0.274404641,0.404217663,0.344673258,0.088128651,-0.612031045,-0.726992907,0.334129488,0.343400581,-0.362959144,-0.132392028,1.140719292,-0.015367998,-0.07697275,-0.32183568,-0.850515419,-0.062367395,-0.078213072,-0.631461505,-1.518785001
2017-04-24,0.14007205,1.600156762,0.399909086,0.999466592,1.659916966,0.252672275,1.942967767,2.062604593,2.206097485,0.508132294,-0.312398934,1.133995514,0.965435059,1.429296459,0.561726781,0.979250992,1.724220047,1.889235246,1.255978921,1.480530754,1.623243088,1.79953835,1.21170246,1.15284771,-0.060932353
2017-04-25,-0.671804132,-0.269657048,-0.854620828,-0.031076199,0.25804117,0.409538442,-0.772505257,-0.407212446,2.804792297,0.351612245,-0.270059614,0.353178656,-0.441930965,0.107146542,0.251536149,0.680035788,0.131511426,0.264810775,1.138380577,0.187625334,-0.293522811,3.493960185,-0.718571297,1.188230613,0.317843818
2017-04-26,-0.004330355,2.6135673,0.222522403,0.432789013,-0.043881459,-0.339370996,-0.270446226,0.221847206,2.53330294,0.160746104,0.483905971,-0.009040538,0.414010944,-0.632783657,1.87312095,0.139597043,0.495108272,0.394182941,0.096356984,0.226131108,0.224728009,-0.039177315,0.92704202,0.253111052,0.190893645
2017-04-27,0.141311556,1.321825699,0.087167103,1.023657738,3.148240694,-1.436801634,-1.958710431,2.694506382,0.124847921,-0.178298893,-2.406566843,2.131844533,0.287653004,0.051043999,0.534651318,-3.131895125,-0.477840628,-0.622422006,-2.979606671,-0.937928068,5.516475347,-0.73075703,-0.077190952,0.707402244,4.251639722
2017-04-28,-2.919027825,-0.33864509,-1.200133041,0.242283744,-0.87287842,0.139450325,-1.244216435,2.21607999,0.386713588,0.122965402,1.999436506,0.584180704,0.041230814,2.184810697,0.305687075,0.234616248,-0.114243782,-4.180539321,-1.735620705,-0.832037189,1.472086599,-0.441654034,-0.684330275,0.248056352,-0.423113731
2017-05-02,-0.553431345,-0.823940277,1.55185393,1.358705101,0.945753825,0.183094541,0.79436754,-0.394896519,0.566524635,0.682316047,0.609838308,1.138485834,0.685607896,0.652587927,1.786008591,-1.39160069,0.714340719,0.539630938,0.248212238,0.858514401,0.809665515,0.615813607,1.130443914,0.527328545,-0.341384371
2017-05-03,0.33405468,-1.24357788,0.308009961,0.324533638,0.330296158,-0.271690836,-0.404372616,-1.051430163,0.19829187,-1.228798658,0.261353135,0.150116381,-2.842731829,0.754195865,0.455190719,-0.721293289,-1.46858328,0.105583494,-0.452776155,0.344610413,-0.153163214,-0.651910758,-0.707839037,-0.541108736,-0.170457993
2017-05-04,0.301207781,0.280344164,1.248373099,0.672886131,0.027083262,-0.081300852,0.170257365,1.752337972,-0.54779735,-0.601246486,0.188616354,0.974339671,0.577646898,0.370205129,1.08793252,-1.032760254,-3.601483336,0.808326974,0.202195495,0.614891329,0.173283994,0.257655707,0.103724301,-0.091240407,0.146917441
2017-05-05,0.661284165,0.188994482,0.753257659,-0.028052305,-0.096782432,0.271015497,0.185431291,-0.663004775,-0.56907077,2.373615762,0.328118985,0.911475182,0.35785186,0.100912926,-0.188734425,0.483735367,0.370887743,1.387822415,0.664408118,0.533436806,0.776639727,0.297851846,0.283617434,-0.48866622,-0.141831974
2017-05-08,0.116521444,-0.440461923,-0.09021958,0.059035818,-0.596116011,0.705560077,-0.622745204,0.086845699,-1.016319094,-0.06446613,-0.67391159,0.10022393,-0.083190606,-0.490033855,0.391033644,-1.035210606,-1.176497171,-0.166174605,-0.355629696,0.606005381,0.041815955,-0.312820257,-0.407846795,-1.068061245,0.519470565
2017-05-09,-0.003710602,-0.035573487,0.830196461,-0.159289269,-0.205164914,0.882667039,0.713879758,0.08637201,-0.030650647,1.345195628,-0.766732407,0.67448604,-0.449192915,0.101536287,0.492272332,-0.013686087,0.999040742,-0.183781468,0.429722726,0.488266571,0.170108437,0.192208148,0.283617434,0.13811662,1.570335891
2017-05-10,-0.063206872,0.009625574,0.143446412,0.059035818,-0.856750075,0.190684839,-0.046795751,-0.643583505,-0.507783061,-0.493301625,0.106108961,-0.341823185,0.245049561,0.101536287,0.332762538,-0.386684112,-0.981773098,-0.015367998,1.149629114,-0.346272036,-1.165530623,0.337532649,0.251931712,-0.32438846,-0.411497375
2017-05-11,0.976738345,0.189470261,-0.217738521,-0.115745207,-0.298709319,-0.407683681,-0.016447899,0.261163434,-0.512848161,-0.280355853,-0.282001473,-0.299913527,-0.577971506,0.20875448,-0.030401826,-1.502683313,-0.135394845,-0.032209345,0.10249255,0.525291354,0.260294242,-0.080919459,0.3684534,-0.151264974,-0.080846106
2017-05-12,-1.193635999,-0.487088324,0.566609824,-0.028052305,-0.354835961,-0.037024112,0.399185727,-0.623214857,-0.648592839,-0.719495175,-0.138699159,0.366150694,-0.559090434,0.100912926,0.382204688,-0.509473973,-0.020239058,-0.725766636,0.013015549,0.822230113,-0.500569094,-0.290145513,-1.18261381,-0.735714699,-1.181910684
2017-05-15,-0.394774626,0.415941349,-0.174282345,-0.028052305,0.194172922,0.617006597,-0.139158779,-0.087472036,0.066092762,0.228456971,0.235298168,0.319750714,0.249890861,-0.006305267,-0.030401826,0.726592476,0.637794015,0.0864456,0.235941106,0.107651802,0.282523137,0.378759458,0.732839206,0.14064397,0.316184339
2017-05-16,0.687313783,1.5549577,0.520304063,0.452141929,-0.208390583,0.582850254,-0.016447899,0.66143106,0.600967315,0.299602448,-0.426389411,-0.032988914,-0.264739371,-0.490033855,0.072014057,-0.946997934,0.26278231,-0.15086429,0.411316029,0.032861741,0.389221835,0.043791637,0.544769113,0.49005013,0.229061671
2017-05-17,-2.2521738,-1.716027019,-0.299664097,-0.553000159,-1.488336087,-0.85487876,-1.069386418,-1.945282244,-1.872320983,-0.979053501,-0.109930134,-1.146089495,-0.25263612,-0.820415494,-1.012770259,-0.052347196,-1.019039257,-1.196558836,-1.012646534,-0.304063784,-0.913391438,-0.645211402,-1.60014986,-2.522551264,-1.200994697
2017-05-18,-0.436917817,-0.944312515,-0.596020965,0.059640596,-0.47612112,-0.779608301,0.74422761,-0.386843798,-0.60553949,-0.6223448,-0.428560658,-0.16969423,0.122080531,0.42942448,-0.554253177,-0.149816753,-0.370406657,0.122424841,-1.16961476,-0.418840611,-0.593930455,-0.7802292,-0.412446336,-0.580914501,-0.347607419
2017-05-19,1.898310775,1.321349919,0.857979917,0.800494422,1.188324142,0.734023696,0.353004213,1.635336666,1.106464289,1.008603924,-0.270602426,0.416043144,-0.149516421,1.282183125,0.284497582,0.450519485,1.048057492,0.687375482,0.426143646,0.032861741,0.242511125,1.078584534,0.801321251,1.231827403,1.809715794
2017-05-22,0.895550727,0.009149795,1.442857293,0.918426256,-0.489023796,-0.079403278,0.366198931,-0.036787259,-0.499172391,0.373691876,-0.037193353,-0.394210259,0.199541337,-0.539902782,0.074368445,0.83576927,0.037170971,-0.271815782,-0.30654517,1.63825633,0.764572613,-0.290145513,-0.469174,-0.095031433,0.753457159
2017-05-23,-0.661268334,0.319358091,0.238907518,0.355982127,1.483795432,0.203967861,0.105603245,-0.024471332,0.765076553,0.872200872,0.354716763,3.12071291,-0.149516421,0.314725949,0.592922423,-0.31262903,0.37592371,0.666706556,0.560614797,0.254269943,-0.109340534,0.128306595,0.64493688,0.382005911,1.037228136
2017-05-24,0.534854591,-0.035573487,0.60222964,-0.324998614,0.04708241,0.019270601,1.144027574,-0.440370711,-0.098522986,-0.027666745,-0.182666915,-1.279302339,0.36608207,0.100289564,0.227403671,0.873613595,0.288297878,0.136969641,0.419496783,1.02068295,0.086273746,0.728156661,0.547324413,-0.332602348,-0.213189588
2017-05-26,0.055785668,-0.212563497,0.154132357,0.271313118,-0.499345937,0.427881663,0.042928333,-0.393001761,-0.048885007,0.362897389,-0.958887783,0.098228232,-0.097230377,-0.433931312,0.431058241,-0.41690512,0.008633822,-0.167705637,0.281446553,0.286851752,-0.08774675,0.371029431,0.452778306,0.143803158,-0.132704837
2017-05-29,0.440032411,-0.213515056,0.013077886,-0.240329606,-0.061945206,0.005355054,0.042928333,-0.17794673,0.017467802,-0.169467041,-0.258660566,-0.338330714,-0.536820453,-0.113523459,-0.337649472,0.115093523,0.147626522,0.306148627,-0.121455602,0.105430316,0.216471562,-0.141213666,-0.164071158,-0.273209619,0.246071335
2017-05-30,-0.269584558,-0.3034374,-0.816863823,-0.027447527,-0.724497641,0.867486442,-0.285620152,-0.410054583,-0.032170177,0.007660664,-0.856296354,-0.296421055,0.070278617,-0.27559747,-0.133406305,-0.087196647,-0.579231438,-0.506829124,0.057498401,-0.22112827,0.215201339,0.246318335,-0.370539413,0.143803158,-0.267952408
2017-05-31,-0.868265773,-0.125495831,-0.681508523,0.100765543,-0.619340828,0.609416298,0.013240217,0.014371206,-0.56501869,-0.957955187,-1.219980257,-0.121298552,-1.320142856,-0.711327217,0.328053762,-1.180325896,-0.733667772,0.375045046,-0.887378733,0.032861741,-0.825746079,-0.489064864,-0.04703841,-0.273841457,-0.626399957
2017-06-01,0.623479243,0.232766204,1.437158123,1.281898214,1.194130346,0.453815182,-0.181381877,0.411796695,0.317828229,0.224531703,0.71025849,1.319595431,0.205350897,0.10278301,0.427526659,0.368296562,0.665995432,0.625368704,0.149531888,0.611188851,-0.372911723,0.39009683,0.539658512,1.266578468,0.631485424
2017-06-02,1.142832099,1.587786492,-0.390138429,-0.02623797,0.665765746,1.026250183,0.861660603,0.547271891,0.759504943,0.223550387,-0.766732407,0.311268997,0.349137519,-0.498137555,0.121456207,-0.127763585,0.430647889,0.018314696,0.19401474,-0.472896794,-0.308765482,0.163864718,0.040352857,0.315662969,-0.051805217
2017-06-05,0.05392641,-0.556076365,-0.290402945,-0.152031925,0.046437276,-0.291299107,-0.536319799,-0.493897624,-0.658723039,0.57633382,-1.149414724,-0.203621096,-0.349946257,0.048550553,-0.487153116,0.081333118,-0.047433282,-0.554291102,0.416429,-0.622476917,-0.487866868,-0.079888789,-0.75076808,-1.269617421,-0.187882527
2017-06-06,-0.942016358,-0.650280725,0.013077886,0.308204615,0.639315259,0.06987259,-0.166207951,-0.524213752,0.24894287,-0.20479445,-0.019823376,-0.420653258,-0.00718219,-0.225728544,0.07142546,0.344337565,0.120432298,-1.087090081,0.279401364,-0.150040687,-0.670778922,0.143251313,0.011733495,0.024385863,-0.079601496
2017-06-07,-0.092335254,0.09669324,-0.088082391,0.223535606,0.009664648,-0.037024112,0.946766536,0.28390053,0.362907618,0.325607346,-0.004081834,0.528301159,0.388352052,0.26797383,0.223283492,0.395250434,0.064365194,0.666706556,0.100958659,-0.224090253,-0.541216217,0.142735978,0.568277874,0.083778592,-0.134364316
2017-06-08,-0.092335254,-0.389077727,-0.925148063,-0.234281819,-1.088998251,-0.790993748,-0.20843105,0.0011079,0.21348717,-1.023212763,-0.128928547,-0.117806081,-0.534883932,0.048550553,-1.05220626,0.279811629,0.313813446,-0.168471153,-0.076461452,-0.446979446,0.226633343,-0.120084927,-0.633224271,-0.450755968,-0.272930846
2017-06-09,1.022600053,0.669531873,0.218960421,-0.067967695,0.119337398,0.488604049,0.672976132,0.774642849,0.697710724,0.401659408,0.105023337,0.096731458,0.257636942,0.538512757,0.89016392,0.077521459,0.85366915,1.082381621,1.409368066,0.292035222,-0.203337006,0.523053288,0.539147452,0.793963987,0.442304773
2017-06-12,0.545390389,-0.829173853,-0.3958376,-0.826360101,0.623186913,-0.386810361,0.520577135,-1.741122071,-0.663788139,-0.708700689,-0.75533336,-1.118149722,0.386899662,-0.442035013,-1.468344356,-0.527715482,-1.00258843,-0.199857299,-0.900672459,-0.078212608,-0.750802945,-0.601407918,-2.037617251,-1.282886009,-0.520193276
2017-06-13,1.390733223,0.714255155,0.566609824,0.05782626,0.651572802,0.312762137,1.597925883,0.815853836,0.793947623,0.546403654,0.669004793,0.49187967,0.370439241,-0.061161086,0.280966,0.023341454,2.64882366,0.068838737,0.273777096,0.438653362,1.358401676,0.382882138,1.032320387,0.977196874,0.443134513
2017-06-14,2.124520551,0.095741681,0.176216642,0.100160765,0.115466595,-0.238799543,0.222376502,-0.656846811,-0.759518528,-0.385847422,-0.159868819,-0.338330714,-0.410946642,-0.061161086,0.689452335,-1.321629527,-1.272180551,0.219645344,-0.425677406,0.143195594,-0.224295679,-0.582340519,-0.733903098,-0.212553215,0.248145684
2017-06-15,-0.470384468,-0.166888656,-1.070476912,-0.281454553,-0.773527812,-0.307112228,-0.653752792,-0.402475551,-0.837521067,-1.081110461,-0.144670089,-0.032988914,-0.638487761,-0.061161086,-0.491861893,-1.265543693,-0.882396675,-0.822987139,-0.739102559,-0.927561129,-0.000101391,-0.241704012,-0.590806288,-0.510780534,-0.766625966
2017-06-16,1.240753043,1.259498572,0.955578213,-0.069782031,0.543835453,-0.634760107,0.039629654,1.07543568,0.822818692,0.845705315,1.014775908,0.273350735,0.388352052,-0.006305267,-1.174634441,-0.382055669,-0.598703845,1.641973651,1.502424148,0.736332617,1.024333134,0.846683735,1.21323564,2.708431736,0.388786563
2017-06-19,-0.114026602,1.47359939,0.680593235,0.734573551,-0.774818079,0.749836818,0.74422761,2.101920821,1.511165773,1.359424724,0.435595721,0.661015079,0.631869462,0.593368576,0.596454005,0.898389376,0.533717355,0.726416786,1.373577266,0.253529447,-0.110610757,1.028081693,0.012244555,0.363682622,1.882732887
2017-06-20,-0.221863591,-0.118359137,-0.754885343,0.225349942,-0.259356155,0.124902253,0.094387735,0.643430859,-1.918919903,-0.521269157,-0.248347142,-0.075397497,-0.38431949,-0.825402387,-0.29056171,-0.294115259,-0.965322272,-0.558118681,-0.496236413,-0.335164602,-0.935620333,-0.867320833,-0.076679892,-0.777415976,-1.98758793
2017-06-21,-0.222483344,0.457809953,-0.762009307,-0.489498403,-1.078030976,-0.346961295,-0.791637598,0.311848211,0.361388088,-0.633629945,-0.340625147,-0.335337167,-0.531979152,-0.61408281,0.38573627,0.760625142,0.31784222,-0.762511393,-0.672122632,-0.48548522,-1.177597738,-0.699321588,0.071527519,-0.323124785,-1.057864599
2017-06-22,-1.455171685,0.493493423,-0.417921886,-0.323789057,-0.68707988,0.057222093,-0.372045557,0.047529471,-0.113718286,-0.969240332,-1.193382479,0.14113574,0.347685129,-0.900829138,0.793045411,0.317111432,-0.131701803,-0.483863651,-0.67979209,0.440874849,0.20567467,-1.055418148,-0.254528784,-0.556272837,-0.053879566
2017-06-26,-0.033458737,-1.264987962,-0.274730226,0.354772569,-0.080654087,-0.145185863,0.365539196,-0.699005177,0.391778688,0.045441365,-0.48935558,-0.511457519,-0.085611256,0.274830807,-0.132817708,-0.266344603,0.316163564,-0.099574733,-0.075438858,-0.115237391,-0.113786313,0.267962409,0.806431851,-0.035006866,0.115387332
2017-06-27,-1.121744673,-0.704519599,-1.005648847,-0.23851527,-0.675467471,-0.104704272,-0.871465644,-1.215800418,-0.933251455,-1.397585168,0.184273859,-0.961487426,-0.866513009,-0.230715436,-0.75143318,0.412402898,-0.130694609,-0.69055291,-0.998330214,-0.562496769,-1.662187658,-0.305090231,-1.168304129,-1.150200125,-0.365861692
2017-06-28,0.078716522,0.550111195,-0.068135294,-0.624364038,0.216752605,-1.961164745,-0.448574923,0.593219772,0.033676122,-0.556105908,-0.301542698,-0.167698532,0.11288206,1.053409424,0.17619573,0.063091609,0.535731742,0.525086138,0.189413066,-0.078953104,-0.022330286,0.552427389,0.280040014,-0.630197829,0.25810256
2017-06-29,-0.258429007,-0.579389565,-0.299664097,-0.935825034,-0.45418657,-0.964938086,-1.739678107,-1.508066838,-0.966681115,-0.869636664,-0.208179069,-1.443448502,-0.811806315,0.104029734,-1.177577426,-0.673103034,-0.827336765,-0.742607983,-1.646655001,1.293925848,-0.775572286,-1.499637011,-1.490271952,-1.181160165,-0.538862419
2017-06-30,-0.259668513,-0.884364286,0.162681112,-0.641902618,-0.025172578,-0.221088847,-0.120686173,-0.46973946,0.487002566,-0.027666745,-0.003539022,-0.498984406,0.571353207,-0.840363064,-0.030401826,0.201400366,0.401439279,-0.33918117,0.376547823,-0.004163042,0.567052999,0.500378543,0.709841504,-0.217607915,0.487110717
2017-07-03,0.304926298,0.348380646,-0.131538566,1.063573128,-0.156134744,-0.407051157,0.44074909,0.88738095,0.942861561,0.509604269,0.341146469,0.97982784,0.616861431,1.595734001,0.074957042,1.556445016,1.186714461,1.855552552,0.864325304,0.216504664,0.258388908,0.881726523,0.491107809,1.293747482,0.228646801
2017-07-04,0.471020052,-0.29106713,-0.258345111,-0.375195241,0.087080707,-0.337473422,-0.267147546,-0.808427451,0.000752973,-0.104209465,-0.207093446,-0.448094106,0.229557399,-0.225105182,-0.452425892,-0.087196647,-0.072277387,0.150748925,0.189413066,-0.335164602,-0.350047716,-0.120600262,-0.644978652,-0.274473294,-0.47953603
2017-07-05,0.826138412,-0.378610576,0.015927471,0.233212064,0.123853335,-0.065487731,0.789749388,0.305690247,-0.146641435,0.201470756,-0.30208551,0.606632307,-0.191151605,0.15763883,0.286263373,-0.217337563,0.623693306,-0.26492614,0.144418917,-0.410695159,0.422247623,0.606537575,0.402183362,-0.035006866,0.484621498
2017-07-06,-0.198932737,-0.337693531,-0.682220919,-0.4640977,-0.286451776,-0.672079074,-0.441317828,-0.584846008,-0.180071095,-0.371618327,0.325404926,-0.492997312,0.490503491,-0.225105182,-0.932132467,-0.199912838,0.246331483,0.184431619,-0.742170342,-0.301842297,-0.419909959,-0.523076981,0.220757049,0.085042267,-0.564999219
2017-07-07,0.570800254,0.094314342,0.41843139,0.059035818,-0.118716982,0.021168176,1.318857592,0.141793681,-0.429780522,-0.296547582,0.245068781,0.514830197,0.148707683,-0.336063544,0.076134236,-0.23911847,-0.308632124,-0.215167615,-0.300920901,0.107651802,-0.186824112,-0.323642295,-0.19575688,0.382637748,0.513662387
2017-07-10,-0.06072786,0.007722456,0.331519039,0.710987184,-0.269033163,0.266587822,-0.232841279,1.247858657,0.841559562,0.470842251,0.887757947,0.101720704,0.135152042,0.323453011,0.023160504,-0.108160769,0.299377006,1.093098842,0.147486699,0.478640128,1.02750869,0.346293346,0.895867358,1.02711204,0.002542734
2017-07-11,-0.47286348,-0.164985537,-0.764858892,0.101975101,-0.705143627,-0.224883996,-0.741497669,-0.273632008,-0.409520122,-0.526175742,-0.158240384,-0.676102607,0.327835797,0.103406372,-0.889753481,0.137146691,-0.335490616,-0.261864077,-0.121455602,-0.823151241,-1.2372982,0.081926435,-0.04703841,0.140012133,-0.623080998
2017-07-12,2.264584687,1.412699601,0.963414572,0.957736867,1.030266355,-0.02247604,0.822736184,1.873602483,1.01225343,0.699489094,0.526245291,1.375474976,0.005405191,1.613188126,1.200943149,-0.013686087,0.719376687,0.689672029,2.163020066,0.962924289,2.633705164,0.939444055,0.388895801,1.121255833,1.27204447
2017-07-13,-0.060108108,0.13190093,0.928507153,0.312438065,0.384487399,0.280503369,-0.261869659,0.14321475,-0.421169852,0.388411629,0.877444523,-0.303904923,-0.368343199,0.312855864,-0.776742852,-0.622462426,0.034820852,0.293900374,0.096868282,1.496821659,-0.407842844,0.355054043,1.098247132,-0.206866677,1.663681607
2017-07-14,-0.78150038,0.297948009,-0.336708706,0.730340101,-0.752883529,-0.354551593,0.485611132,-0.144314775,0.551835846,-0.14100885,0.509960937,-0.26049849,-0.540209363,0.46869626,0.290383553,1.264308607,0.112710481,-0.09651267,-0.074927561,-0.439574489,-0.158879215,-0.097925517,0.037797556,0.194350161,-1.271522571
2017-07-17,0.555306434,0.005819337,1.286130104,0.26587011,0.405131681,0.208395535,-0.289578567,0.27442674,-0.257567124,0.572408552,-0.420418481,0.147122834,-0.203738986,0.622043209,0.076134236,-0.346117174,0.318513682,0.228831534,0.607654135,1.26282503,0.905567321,0.117999893,0.346988878,0.761108435,0.358915933
2017-07-18,0.073138747,-0.118834917,-0.210614558,-0.276616324,-0.530312361,-0.630332433,-0.60889075,-0.167525561,-0.881587436,-0.854916911,-0.096359839,-1.786708565,-0.428859454,-1.64200606,-0.780863031,-0.218971131,-0.379135667,-0.568835902,-1.015714317,-0.182622496,0.134542205,-0.788989897,-0.525901664,-0.035006866,-0.491567256
2017-07-19,-0.246653704,-0.537045181,0.237482726,0.26587011,0.535448714,0.151468297,-3.073664126,1.22606894,-0.429780522,0.387430312,-0.140327595,0.986812783,-0.086579516,-0.543019589,-7.817540455,0.652265132,0.008633822,0.278590059,-0.074927561,1.528662972,-0.381803281,0.198907505,-0.103766074,-0.261204706,0.085516703
2017-07-20,0.019840005,-3.338911219,-0.291115341,-1.545441896,0.364488251,-0.269160736,0.933571818,-0.082735141,0.743296623,-0.10273749,1.640637908,-0.173685626,-0.219231147,-3.442897673,-2.23881786,-0.196917964,0.008633822,-0.949297241,0.054430618,-2.477418543,-0.112516091,-0.316942938,-0.274460126,2.685053747,-0.107812646
2017-07-21,-0.622223907,-0.170694893,-0.45567889,-0.327417729,-4.900448873,-0.138860615,-0.451873602,-0.764374327,-3.333602315,-1.363729735,-0.470357167,-0.687078946,-0.340747787,-0.809194985,-1.023365005,-1.082856339,-0.940813897,-0.114119533,-0.291717553,-0.589895108,-3.765676279,-0.318488943,-0.447198418,-0.800162128,-0.835079491
2017-07-24,-0.19521422,-0.626015965,-0.25264594,-0.894095308,-0.66514533,-0.608194063,-0.865528021,-0.512371515,-2.016169821,-0.027666745,-0.677711273,0.010916443,-0.735313769,-0.353517668,-0.592511984,0.610609148,-0.152181403,-0.795428571,-0.423632217,-0.595078578,0.951930446,-0.764253812,0.010200314,-0.754037987,-0.195350184
2017-07-25,-2.565768723,-0.12692317,-0.769845666,-0.115745207,1.369606746,-0.272955886,-0.368087141,-0.857217469,0.20082442,-0.105190782,-0.345510454,-0.412670466,-0.732408988,-0.064277894,-2.060472962,-1.830758219,-1.363163696,0.417148414,-1.449805598,-0.525471986,-0.258591689,-4.002104295,0.096058401,-0.481716007,-0.367521171
2017-07-26,-0.033458737,0.781815858,0.942042683,0.494476434,0.172238372,0.404478243,1.334031518,0.024318686,0.380128958,0.319719445,0.692888512,0.387604447,0.582972328,0.801571345,-0.139292275,0.461954461,-0.019231864,0.348251994,0.681792221,0.406071553,0.96399756,0.829677677,-0.19013522,0.965191961,0.372606638
2017-07-27,4.253371457,-0.306292077,0.726186599,0.145519162,0.697377303,-0.982016257,-0.151693761,-1.494329843,-0.706334978,1.000753389,-0.270059614,1.534631895,0.088675558,-0.178353063,-0.112216812,0.9890524,-4.005367921,0.100224884,0.933350419,0.144676585,0.603889454,-0.190170502,-3.42361207,-0.366721575,0.115802202
2017-07-28,-2.821726634,-0.581768463,-0.739212625,-0.11453565,-0.043881459,-0.111662046,-0.091657793,-0.288790072,-0.60503298,-0.825477403,-0.505097122,-0.860704675,-0.745964629,-0.063654532,-0.523057535,-0.471901909,1.702397522,-0.477739525,-0.99730762,-0.227792731,-1.563745407,-0.669432152,-2.71834922,-0.536054036,-0.45215462
2017-07-31,0.240472006,-0.357200494,-0.211326954,-0.507641762,-1.041258348,0.363996651,0.268558016,0.18963632,-1.006695404,-3.43725239,-0.582719208,-0.081883516,-0.869417789,-0.875894675,-0.140469469,0.139869305,-0.475154779,0.067307706,-1.10672521,0.107651802,-0.164595217,-1.25639884,-1.486694532,-0.48361152,-0.486173948
2017-08-01,0.645170591,0.514427725,0.726898995,0.015491756,0.466419395,1.397542278,0.372136555,0.175899325,0.823325202,-0.274467951,0.479020665,1.292653508,0.23197805,0.632640356,-0.25112571,-0.052074935,0.522638227,0.561830895,0.239008889,0.625998764,0.590552117,0.094809813,0.217690689,0.859043254,-0.31690705
2017-08-02,-0.493935075,-0.539424079,-0.027528704,0.320904966,0.014825719,0.295051441,0.042928333,-0.438949643,0.259579579,-0.234233958,-0.037193353,-0.170193154,0.35543121,-0.35414103,-0.099856274,-0.090463783,-0.021246251,0.165293724,-0.665987067,-0.300361306,-0.564715335,-0.781775205,-0.080257312,0.627158876,-0.407348677
2017-08-03,1.789234281,-0.451880633,0.637849456,0.794446636,-0.357416496,0.763752365,0.575994952,0.214741864,-0.147147945,-0.235215274,-2.926580544,0.146623909,-0.020253701,-0.297415126,-0.002737765,0.406140887,-0.021246251,-0.130195364,0.059032292,-0.004163042,-0.188094335,-0.084526804,-0.245840764,-0.035006866,0.237359068
2017-08-04,1.377098661,-0.221603309,0.372838026,0.443675028,0.445129978,0.571464806,0.715858966,0.920065525,0.22209784,-0.027666745,0.364487376,0.416542069,-0.25650916,1.035331938,0.369255554,1.352521278,0.634100972,-0.031443829,0.511018973,0.255010439,0.309197812,0.255079032,0.905577498,0.074932866,-0.055953915
2017-08-07,0.070039983,-0.082199888,0.330806643,0.186039331,-0.376125377,0.314027187,-0.046136015,0.269689845,-0.239332764,-0.069372715,-0.838383564,-0.303904923,0.312827766,-0.582914731,0.707110246,0.308399069,0.709304752,0.263279743,0.013015549,-0.004163042,-0.140460988,-0.378783151,0.050574057,-0.089976732,0.352692886
2017-08-08,-0.524922716,-0.410487809,0.190464569,0.227769056,-0.240002141,-0.064855206,-0.397115521,0.474323708,0.074703432,0.096960504,-0.222292176,0.055819649,3.061233998,0.971125695,-1.250563457,-0.12068479,0.238945397,-0.474677462,0.504883407,0.106911307,0.213931117,0.322587931,1.045607948,-0.144946598,0.1763732
2017-08-09,-0.476581997,0.198985853,-0.22557488,-0.026842748,-0.378705913,-0.388075411,-0.207771314,-0.584372318,0.092937792,-0.193999964,-0.285258344,-0.945521842,-0.424502283,-0.637147188,-0.182848455,0.691743025,-0.135059114,-1.093214207,-0.523846459,-0.263336523,-0.661887364,-0.51483162,-0.686885575,-0.586601039,-0.345947939
2017-08-10,-0.295614176,-0.600799647,-0.405098752,-0.496150968,0.389003336,-0.291299107,-0.430102317,-0.640741368,-0.686581088,-0.657181551,0.463279123,-0.590287591,-0.295723693,-0.121627159,-1.124015096,-0.399480395,-0.719567063,-1.074841828,-0.664964472,-0.414397637,-0.380533058,-0.312820257,-0.989433117,-0.872191608,-0.614783601
2017-08-11,-0.217525322,-0.626967525,-0.648025896,-0.457445135,-0.220648126,-0.065487731,-0.64121781,-0.938692062,-0.167914855,-0.281827828,-0.439959706,-0.73946602,-0.046396723,-0.179599787,0.026103489,-0.315623904,-0.88676118,-0.764042424,0.466024824,-0.755766136,-0.696183374,-0.06185206,-0.640890172,-0.656103169,-0.354245336
2017-08-14,1.038093874,0.980215949,1.365206095,1.169409388,0.426421098,1.08444247,0.488909812,0.87743347,0.019493842,0.563086041,0.554471504,0.900498843,0.005889321,0.684379367,-0.08690714,0.199766798,0.459185038,0.614651483,0.147997997,1.082884585,0.579755225,0.120576568,1.004212085,1.754357049,0.47756871
2017-08-15,-0.162987074,-0.035573487,0.011653093,0.226559499,0.325780221,-0.176179582,-0.492117493,-0.260842392,-0.074210506,-0.237668567,0.010574085,0.196017436,-0.523264811,0.107769903,-0.54189264,-0.209169723,-0.623883682,-0.15086429,0.10249255,-0.115977887,0.240605791,-0.222121278,-0.373094713,-0.256150005,-0.264218579
2017-08-16,-0.137577209,0.80227438,-0.145786493,0.519272358,0.957366233,0.282400944,0.295607189,0.913907562,1.096840599,0.599885426,-0.282544285,0.287819546,0.046072115,0.449372051,0.211511551,0.898661638,0.611271253,0.407962225,0.458355367,0.032861741,0.334602264,0.303005197,0.635226739,1.061863104,3.149330535
2017-08-17,-0.477201749,0.010577133,-0.383726862,1.010957387,-0.503861874,-0.286871433,0.012580481,-0.392528072,0.567537655,-0.111078684,-0.236948094,-0.497487632,-0.473883547,-1.151420494,-0.030401826,0.818889067,1.009112677,-0.643090932,0.365810583,-0.603964526,-0.236362794,0.210244877,0.3710087,-0.307328846,-1.170709198
2017-08-18,-2.219326901,0.148553216,0.03160019,0.710987184,-1.248346305,-0.694217444,-0.388538954,-0.857217469,-0.56603171,-0.487904382,-0.596832315,-1.021857292,-0.790504593,0.051667361,-1.019833423,-0.147910924,-0.458368221,-0.785476866,-0.429767783,-0.875726433,-0.452300635,-0.676646843,-0.04703841,-0.199284627,-0.625570217
2017-08-21,-0.743075705,-0.358152053,-0.364492162,0.015491756,0.034824868,-0.023108565,-0.405692088,-0.376896318,-0.55387547,-0.238159225,0.246154404,-0.32236513,-0.211485066,-0.528058911,0.056121937,0.170634835,-0.61448321,0.139266188,-0.656783718,-0.081174591,0.097705749,-0.130906964,-0.304101608,0.019963,-0.228124902
2017-08-22,-0.280740108,0.195179616,0.427692542,0.218697377,0.812211123,0.019270601,0.312100586,0.164530777,0.903353781,0.392827556,0.026858439,0.533290404,0.86086297,0.975489226,0.041995608,0.792751979,1.011798527,0.378107109,0.548343665,0.603043398,0.478137417,0.758046097,0.465554807,0.672019342,0.233210369
2017-08-23,-0.50385112,0.467801325,-0.403673959,-0.146588918,-0.919328056,-0.177444631,-0.046795751,-0.150472739,0.037221692,-0.321571164,-0.238033718,-0.036481386,-0.275874361,0.2798177,0.572321527,0.180163982,0.527674195,-0.392001758,0.056475807,-0.728367796,-0.022330286,-0.01650257,0.016844095,-0.035006866,-0.228124902
2017-08-24,-0.033458737,-0.769701403,0.209699269,0.299132935,0.054178882,0.075565314,-0.271105962,-0.570161633,-0.292009804,-0.450614339,0.446451957,-0.416661862,-0.359144728,-0.235078968,-0.907411392,0.098757843,-0.33649781,0.070369769,0.012504252,0.337945952,-0.76287006,0.388550825,-0.04703841,-0.578387151,-0.31690705
2017-08-25,0.105365893,0.010577133,-0.523356541,0.579145442,-0.024527444,-0.502562411,0.28241247,0.128530375,0.548290276,0.268690965,1.005548107,0.010916443,-0.416272073,0.846453379,-1.053383454,0.098213321,0.921486845,-0.117947112,0.452731098,-0.655799222,0.001803943,-0.151520368,-0.078724132,-0.198652789,0.495408114
2017-08-28,-0.061347613,-0.26727815,-0.207052576,-0.22521014,-0.357416496,-0.306479703,-0.300794078,-0.35652767,-0.436871662,-2.362710361,-0.279287414,-0.27596515,0.1167551,0.162625722,-0.682567328,-0.013686087,-0.07597043,-0.290188161,-2.779178189,0.568980598,-0.480245532,-2.171118656,-0.302568428,-0.309224359,-0.199498883
2017-08-29,-1.918746788,-1.640378063,-0.147211285,-0.429020539,-1.354148252,-0.293196681,-0.376663708,-1.008324418,-0.55134292,-1.147349353,0.659234181,-0.568334913,0.006857581,0.162625722,-0.479501355,-0.529621312,-0.588967642,-0.586442765,-0.966118494,0.147638568,-0.410383289,-1.198681308,-1.081423923,-0.586601039,0.577552344
2017-08-30,-0.405930176,0.15616569,0.825922083,0.339048325,0.554802728,0.996521514,1.82289583,0.44400758,0.406467478,0.468388959,0.871473593,0.204499152,0.102715329,0.663808435,0.104386893,0.724686646,0.43669105,0.036687075,0.902161293,1.279856431,0.510528093,0.413802245,0.569811054,0.681496905,0.400402918
2017-08-31,1.807207112,0.770397147,1.107318628,0.337233989,0.372229857,0.271015497,0.667038508,0.606009388,0.457624987,0.418832454,0.330833044,0.443982917,-0.047364983,0.491760638,0.71417341,0.254219064,1.397217898,0.348251994,-0.078506641,0.852590435,0.577849891,0.291667824,0.242732631,0.292916817,0.42446537
2017-09-01,1.835715741,-0.460444666,-0.710716772,0.495081212,1.632176211,0.088848336,-0.162249536,-0.113998647,0.615656105,0.502735051,-0.125128864,0.297798036,0.373344021,-0.337933629,0.323933583,0.267287608,0.788537305,0.191321261,0.291161199,-0.041187825,0.192337333,0.500378543,1.407949514,0.128639057,-0.278324154
2017-09-04,-1.31944582,-0.560358381,-0.381589674,0.213859148,-0.236776472,-0.316600101,-0.031621825,-0.037260949,0.305165479,-0.780827483,-0.55286456,-0.419655409,0.249406731,-0.786753968,-0.236410784,0.141230611,0.95203838,-0.968435136,-0.355118399,-0.004163042,-1.055021257,-0.179348464,-0.171737058,-0.143682923,-0.47953603
