#Date,Amer Sports A,Cargotec,Elisa,Fortum,Huhtamaki,Kesko B,Kone,Konecranes,Metso,Metsa Board B,Neste,Nokia,Nokian Renkaat,Nordea,Orion B,Outokumpu,Outotec,Sampo A,Stora Enso R,Telia,Tieto,UPM-Kymmene,Valmet,Wartsila,YIT
2017-01-02,0.9656488837,0.5382305253,0.7037891796,1.5394976056,0.9346478608,0.4307163395,0.4181840111,1.1523146174,0.6569578471,0.679384119,1.2466368785,0.6325527865,2.1232402709,0.1246636879,0.9511377666,0.1550051145,1.6912047389,0.9135407814,0.3232021537,0.8258144825,1.4504521142,0.3957577392,1.5098157751,0.494697174,2.7373243629
2017-01-03,-0.9768620196,0.3053930554,-1.202443931,-0.5751679143,0.0184686945,0.0554060835,0.6925760436,1.6120531911,0.9880751556,-1.0085226388,-1.3831732986,-0.8831993547,-0.4511638227,1.1180156133,0.9227751286,-0.0771727591,1.4168127064,0.6107861109,0.0639808345,-0.1701758279,-0.6971932173,0.3086910366,-0.4148860299,0.1378556125,0.7090659494
2017-01-04,-0.0263838493,-1.6094148061,0.7519397045,-0.3568415615,-0.4241203772,0.1378556125,0.0916838763,-0.3746506598,-0.3324365009,-0.5369113329,-0.7427053573,0.1444515748,-0.3634375238,0.0613424496,0.1061949934,-0.7361093949,-1.1351651153,0.559997201,-0.5778062993,0.6134244958,-0.3271597311,-0.5593376048,-0.0461717362,-0.0916838763,-0.4953567703
2017-01-05,0.3654163125,-0.2493273757,0.7222578741,0.0897050876,-0.1299404577,0.7433649535,-0.1827081563,-0.4524830152,0.0956414536,0.3937789505,-3.6647166651,-0.0573848722,0.2922011308,-0.7321518176,0.4544618039,-0.7836003236,-1.4115359365,0.0751939705,0.2592213192,0.6754265416,0.1009182235,0.1972192734,-0.2790092061,-0.3370536746,-0.2493273757
2017-01-09,-0.2856051685,-0.4531426114,0,0.5375709291,-0.5758275106,-0.7347902025,-0.3509051954,-0.5501032575,-0.6675113868,-0.4887608079,-2.1535816976,0,0.6727881567,-1.7274825317,-0.5415285065,0.3964173354,-0.8390064071,0.1048758009,-1.1615489646,-0.8020690181,0.1259828803,-0.6464043074,-0.6061689372,-0.3542031766,-1.3356823699
2017-01-10,0.3654163125,0.267136474,-0.210411198,0.0441929475,-0.375310256,0.3027546705,0.0923434725,0.5355921404,0.4815052494,0,0.2005172545,-0.1154293406,-1.0078630425,-0.5065699062,-0.1061949934,1.3000641733,0.7836003236,-1.5263056809,0.3284789235,-0.3047334592,0.3027546705,-0.1418131899,0.5652739708,0.1081737821,0.8521983318
2017-01-11,-0.1813889638,0.3918001618,0.2532849531,-0.4887608079,-0.0375969852,-0.6846608888,0.6892780625,0.1141101481,-1.5770945908,-0.2460293945,-0.579785088,-0.7796427463,0.6213396506,0.2552637418,-0.1668778467,2.5117424516,1.0500772014,-0.8429639845,0.523059812,0.3739910636,-0.6774053303,0.1708354241,-0.6068285335,0.494697174,1.0936105527
2017-01-12,-0.8060265955,-0.7321518176,-0.1470899597,0.3133082102,-1.037544873,-0.6503618848,-0.3489264067,-0.568571952,-0.5632951822,-0.5441668914,0.6048497448,-1.6364582517,-1.1773792742,0.2546041456,-1.1872732177,-4.5413200575,-0.258561723,-0.605509341,-0.7136831231,-0.1352172276,-0.6846608888,0.1985384658,-0.3766294485,-0.2763708212,-1.1998055461
2017-01-13,0.5527416424,0.8977104718,0.420822396,0.5342729479,0.7473225309,0.5171234459,0.4874416155,0.477547672,0.4195032036,0.9973095028,0.019787887,1.4385793821,0.036937389,1.3937268383,0.9458609967,0.2796688024,-0.5191022346,0.579785088,1.9016159369,0.5078890987,0.8963912793,0.9907135405,0.4735900946,0.3238617499,0.5481244688
2017-01-16,-0.1569839032,-2.0975160178,0.062661642,-0.1767717902,-0.6635538094,0.1246636879,-0.04551214,-0.4742496908,0.2209647377,-0.8350488297,-0.8390064071,-0.7037891796,0.4056516827,-0.1860061374,-0.366735505,-0.0798111441,-0.3271597311,-0.5586780085,-0.7011507946,-0.5039315213,-0.2526253569,-0.0277030417,-1.1292287492,-0.4293971471,-0.5012931363
2017-01-17,-0.6807033115,0.4973355589,-0.6061689372,0.3100102291,-0.8805609698,-0.4432486679,-0.9082640115,-0.6497022885,-0.0976202423,-0.3977365279,0.7486417234,-0.3852041995,-1.1358247116,-0.3113294215,-0.7070871607,-0.9966499066,-0.7882174973,-0.5322941592,0.3218829612,-0.1352172276,-0.9386054382,-0.3344152896,-0.909583204,-0.5092082911,-0.0844283177
2017-01-18,0.7671104178,1.8158684268,0.3588203502,0.5289961781,0.329798116,-0.0837687215,-0.1075141858,1.2545520333,1.1509954249,-0.1503879409,0.6206800543,-0.0593636609,-1.3792157212,0.5626355859,0.87000743,0.8093245767,1.2631267843,0.110812167,0.3845446033,-0.4412698792,-0.0771727591,0.7288538364,2.5724253049,0.4821648456,0.50591031
2017-01-19,-0.3660759088,0.8370276184,-0.0211070794,0.5250386007,-0.5019527326,0.2790092061,0.523059812,0.5111870798,0.4333547244,1.5045390053,1.8831472424,0.0593636609,1.6371178479,0.2480081832,0.1226848992,0.8792417773,2.1529221013,0.2519657606,1.9754907149,-0.3759698523,0.4379718981,0.3878425844,1.1213135944,0.1853465412,0.6694901755
2017-01-20,0.1576434995,1.2552116295,0.9656488837,0.173473809,1.108781266,-0.1253232841,0.2288798925,0.6015517636,0.9564145364,0.588359839,-0.6167224769,0.4472062453,-0.0184686945,1.2354237426,-0.321223365,-2.3277151028,0.6952144286,0.1728142128,0.4333547244,-0.2064536206,0.2044748319,0.4135668375,0.4135668375,1.0164377936,-0.2486677795
2017-01-23,0.2882435534,0.1655586542,-0.5171234459,-0.3898213731,-0.4973355589,-0.1530263258,-0.13653642,-0.2051344282,-0.1180677255,-0.7288538364,-0.2334970661,-2.1621564486,-0.5758275106,-0.5454860839,-0.0461717362,1.5131137563,0,-0.6576174433,-0.0613424496,-0.9306902834,0.2295394887,-0.4933779816,-0.04551214,-0.4247799734,0.7070871607
2017-01-24,0.7836003236,1.2585096107,0.0211070794,-0.5659335671,-0.0191282907,-0.3766294485,2.4068666507,0.5791254917,1.0157781973,0.4913991929,0.742045761,0.0916838763,-0.0936626649,0.8554963129,-1.0309489107,1.998576583,1.6252451157,0.6008921674,1.046119624,0.2796688024,-0.025724253,1.0764610507,0.9135407814,0.8858377396,-0.9049660303
2017-01-25,-0.1028970122,0.7941538634,0.625297228,0.1319192464,0.366735505,0.5052507137,0.3377132708,1.9260209975,1.0698650883,0.6345315752,-3.3210670283,-0.8561559092,0.432035532,1.3877904722,0.9537761515,-1.0474388165,1.586328938,1.0969085339,1.0903125715,0.7657912254,0.4326951282,0.542847699,1.6219471346,0.5877002427,-0.4590789775
2017-01-26,0.568571952,0.5375709291,0.1028970122,-0.3509051954,0.8825397585,-0.3344152896,-3.772230851,0.6655325981,0.2057940244,-1.6912047389,0.1424727861,2.0757493422,-0.0375969852,1.0639287223,1.1094408623,-0.3944385468,-1.1918903913,0.8634114677,0.1787505789,0.7222578741,-0.4551214001,-1.1041640924,0.4399506868,0.0897050876,-1.8066340795
2017-01-27,-0.2051344282,-0.0573848722,-1.1338459229,0.0441929475,1.0790994356,0.3218829612,-1.907552303,-0.1246636879,0.04551214,-0.2974779006,0.4465466491,-0.9913731367,-0.2427314134,-0.8146013466,0.3634375238,1.1503358287,0.18204856,0.1371960163,0.3568415615,-1.5315824508,0.457759785,0.6576174433,-0.7427053573,4.7273261949,-1.4253874574
2017-01-30,-0.7710679952,-1.4570480765,-0.5243790045,-1.1450590588,-1.5269652771,-0.8080053842,0.2077728131,-1.3205116565,-1.3224904452,-1.5441147792,-1.3099581168,-1.7683774981,-0.0375969852,0.0587040647,-0.3317769047,-1.4814531371,-1.3917480496,-0.4102688563,-1.4187914951,-1.1846348327,-1.0870145904,-1.0309489107,-0.486122423,-1.182656044,-0.7948134596
2017-01-31,-2.0546422628,-0.4425890717,0.0633212383,0.3139678064,-1.1437398663,0.1266424765,0.7479821271,0.2367950473,0.255923338,-1.3772369325,0.3700334862,-0.9399246306,-0.8996892605,-0.1174081293,-0.6365103639,0.0395757739,-0.8653902564,-0.3970769317,-2.4161009979,0.6028709561,-0.025724253,-8.1005013255,-0.8456023695,-0.1418131899,-0.2684556664
2017-02-01,0.3489264067,1.2176146443,0.4432486679,-0.7136831231,-0.1939212922,-0.2532849531,-0.4247799734,0.1088333783,0.9036468379,1.0421620466,-0.6952144286,0.9221155324,0.8930932982,0,-0.2908819383,1.0758014544,1.5658814548,0.0923434725,0.5646143746,-0.4571001888,0.64244673,4.1772229374,-0.2255819114,-0.284285976,0.4933779816
2017-02-02,0.2400930285,-2.9160749418,-0.7763447651,-2.3442050086,-0.622658843,-4.7767959123,-1.6001804589,-0.054086891,0.4571001888,0.1536859221,0.6820225039,3.7933379304,2.1931574715,0.2948395157,1.2446580898,4.7055595193,1.5296036621,0.1226848992,0.9946711179,-0.0356181965,-0.0507889099,1.9200846314,0.0903646838,0.770408399,0.267136474
2017-02-03,0.1860061374,0.1068545896,-0.3607991389,0.0468313325,0.0784919516,1.5388380093,0.1622606731,-1.1424206739,-3.3375569341,-1.7400148601,1.1450590588,-0.2374546435,1.1246115756,0,0.04551214,2.3428858162,-0.8970508756,0.4135668375,-4.4707432607,-0.1774313864,-0.1780909826,-2.2960544837,-0.9484993817,0.8601134866,-5.5445659264
2017-02-06,-0.9814791933,-0.4267587621,-0.4907395966,-0.3271597311,0.0389161777,0.5804446842,-0.2915415346,-0.7565568781,0.1437919786,-1.1035044962,0.301435478,-0.5355921404,-0.4815052494,-0.0587040647,0.2262415076,0.247348587,-0.7882174973,-0.3654163125,-0.952456959,-0.568571952,-0.7150023155,-0.4755688833,-0.04551214,0.4590789775,0.0481505249
2017-02-07,-0.1616010768,-0.3370536746,0.193261696,0.3284789235,0.5098678874,0.0593636609,-0.4881012117,0.4478658415,2.1476453315,-0.1602818844,-3.6225025063,1.6496501763,0.9880751556,0.2935203233,0.0151707133,1.8666573366,2.1476453315,0.4287375508,-1.0329276994,-0.2506465682,-0.3871829882,-0.2097516018,0.68795887,1.9622987903,-1.4036207818
2017-02-08,0.1893041186,1.7103330296,0.4933779816,0.3739910636,0.2915415346,0.7222578741,0.2625193003,-3.5407125735,-0.9940115217,0.1068545896,3.1337416984,0.5560396236,-1.2921490185,0.3509051954,-1.6212875383,0.6846608888,-2.1984342413,-0.2433910096,-0.2710940514,0.2156879679,0.4419294755,-0.4808456531,-2.3151827744,-0.5369113329,-0.3957577392
2017-02-09,-4.8460535167,4.9707172046,0.5962749938,-0.139174805,-1.0850358017,-0.5837426653,-0.4571001888,1.6654804859,0.1642394618,0.1602818844,2.6680667586,0.5224002158,0.3970769317,0.2908819383,3.8790854406,-0.1358768238,0.3073718441,0.4274183584,0.6457447112,0.1075141858,-0.0771727591,1.0896529753,3.9991319548,0.5415285065,1.4920066768
2017-02-10,-0.9010084529,-0.8660498527,-0.2110707942,0.2328374699,-0.0982798386,-0.2651576853,0.6576174433,0.4966759627,1.0764610507,0.1068545896,1.3211712528,-0.3456284256,0,0.173473809,0.6833416964,0.577146703,0.8568155054,0.13653642,0.7070871607,-0.1075141858,0.0514485061,0.625297228,0.0441929475,0.724896259,-0.4379718981
2017-02-13,1.5025602166,0.7644720329,-0.5923174164,0.4175244149,-0.4142264337,0.0145111171,0.7974518445,1.8013573097,1.3818541061,0.6391487488,-0.4379718981,1.2156358556,-0.3232021537,0.173473809,0.4458870529,1.3468955058,2.8389021826,-0.0606828533,0.7328114138,0.1794101751,-0.1292808615,0.2948395157,0.531634563,0.3053930554,0.2935203233
2017-02-14,1.5553279151,-0.1121313594,0.255923338,0.0461717362,0.119386918,-0.147749556,0.3858637957,-0.1292808615,-0.1576434995,0.3693738899,0.0956414536,0.255923338,-0.6675113868,-0.1728142128,0.3001162856,-0.9570741327,0.1160889368,-0.04551214,0,0.1431323824,0.7499609158,-0.4109284526,0.4399506868,-0.2381142398,-1.2189338368
2017-02-15,0.2532849531,0.5322941592,-0.0211070794,0.0461717362,5.7457427772,-0.5626355859,0.5593376048,-1.8310391401,0.2941799195,0.2097516018,0,0.3113294215,1.384492491,0.3462880218,0.0428737551,0.7367689912,-0.1154293406,-0.1061949934,1.844890661,-0.1424727861,0.4346739169,0.7090659494,-1.0045650614,-0.2255819114,-0.1985384658
2017-02-16,-2.1304958294,-0.4867820192,0.6384891526,-0.0461717362,-2.0414503381,0.0151707133,0.0633212383,-1.6549269462,-0.5850618578,0.3660759088,0.1338980351,0.4505042265,-1.0349064881,0.1147697444,0.9669680762,-0.4307163395,-1.1582509834,-0.2427314134,0,0.9649892875,0.0507889099,0.4676537285,-0.7981114408,0.0798111441,0
2017-02-17,-0.926732706,-1.5401572018,-0.1266424765,-0.4142264337,-1.4484733255,-0.2836263798,-0.0316606191,-0.6635538094,-1.0672267034,-1.3521722757,0.5923174164,-0.2236031227,0.0362777928,0,-0.5184426384,-1.8666573366,-1.8864452236,0.1371960163,-0.127961669,-0.0705767968,-0.0758535667,0.0580444684,-0.852857928,-0.4254395697,-0.1497283447
2017-02-20,0.1470899597,0.9748832309,0.8231760976,0.6490426923,0.1345576313,-0.2097516018,-0.1583030957,0.5125062723,0.1616010768,0.5844022616,-0.3786082372,0.3370536746,0.3621183314,0,0.1556647108,0.4801860569,0,0.3502455992,0.1286212652,0.3528839841,0.9405842269,0,0.4096092601,0.2275607,0.6490426923
2017-02-21,-0.0587040647,0.523059812,0.1253232841,0.4129072412,-0.0382565815,0.0751939705,0.0474909287,1.2519136484,0.3456284256,0.9478397854,0.1906233111,0.5863810503,0.955095344,0.1147697444,0.3944385468,0.4089496639,1.0316085069,0.3786082372,-0.0639808345,0.4913991929,-0.1754525977,0.4643557473,0.1807293676,0.1068545896,1.0382044692
2017-02-22,-0.3225425575,-0.2526253569,-0.0831091252,-0.3192445763,-0.0963010499,-0.6457447112,0,-0.4030132978,-0.6642134057,0.6747669454,-0.1517071334,0.1939212922,-0.0534272948,-1.2598288032,-0.0837687215,-0.6094669184,-0.8363680222,-0.0303414267,-0.1926020998,-0.0699172006,-0.4524830152,-0.1728142128,-0.0903646838,-0.3990557204,-0.77898315
2017-02-23,-0.6193608619,-0.4082900676,0.2084324093,0,0.0382565815,0,-0.0791515478,0.0771727591,-0.4630365549,-1.6437138102,-0.3423304444,0.3311173085,0.4267587621,-0.1167485331,0.2381142398,-0.9564145364,-0.8469215619,-0.0151707133,-0.6437659225,0.3489264067,0.1009182235,-0.9821387895,0.4511638227,-0.0672788157,-0.9359670532
2017-02-24,-0.1787505789,-1.515092545,-0.3944385468,-0.5039315213,-0.8456023695,-0.3489264067,0.0158303096,-1.6588845235,-1.2585096107,-1.0533751825,-0.8225165013,0.1926020998,0.0883858951,-0.5263577932,-0.2796688024,-1.9411917109,-1.4708995974,-0.3614587352,-0.7150023155,-0.173473809,0.4043324902,-0.468972921,-1.4346218047,-0.6299144016,-0.8495599469
2017-02-27,0.1490687484,0.1886445224,-0.3555223691,0.6002325711,0.1556647108,-0.1675374429,0.5718699332,0.6530002697,0.1662182505,1.1246115756,0.3680546975,0.3832254108,-0.4762284795,-1.0019266765,-0.3509051954,0.4287375508,0.7525993007,-0.696533621,0.5256981969,-0.4518234189,0.1503879409,0.2064536206,0.2750516288,-0.054086891,0.2532849531
2017-02-28,0.7743659764,0.346947618,0.1681970392,0.3660759088,0.1747930015,0.2750516288,0.614084092,0.568571952,0.1424727861,0.6318931903,-2.6014475391,-0.0817899328,0.0178090983,0.2394334322,-0.2961587082,0.3548627728,-0.1240040916,-0.1378556125,0.1306000539,0.4201627998,-0.0751939705,0.0587040647,0.3654163125,-0.230199085,-0.201836447
2017-03-01,0.9715852498,1.6390966366,0.0422141588,0.5461456801,0.4841436343,0.4874416155,-2.7003869739,0.0389161777,0.898370068,0.5738487219,1.7855270001,1.2545520333,2.0071513341,0.6562982509,0.9498185741,2.4352292886,2.0493654929,0.6134244958,1.6259047119,0.5566992198,0.5012931363,1.7347380902,2.9510335421,1.3864712797,0.2024960432
2017-03-02,-0.2321778737,0.1259828803,0.9425630156,1.5803925719,0,-0.1358768238,0.3416708482,0.4076304714,0.4201627998,0.4650153436,0.0389161777,0.1338980351,-0.2414122209,-0.4135668375,0.8106437692,-1.1232923831,0,0.3192445763,0.8251548863,0,-0.3482668105,0.5441668914,-0.5646143746,-0.7723871877,-0.8066861918
2017-03-03,-0.2908819383,-0.0560656797,0.0415545626,0.0883858951,-0.3073718441,-0.0303414267,-0.1292808615,-0.4439082642,0.3706930824,-1.2321257614,0.2730728401,0.5072295024,0.1385152087,0.6536598659,0.2348162586,1.8699553178,0.3614587352,0.0151707133,-0.3759698523,-0.1378556125,-0.375310256,-0.255923338,0.0435333513,-1.2664247655,-0.0507889099
2017-03-06,-0.4386314943,-0.7288538364,0.2889031496,-0.2203051415,-0.0771727591,0.2275607,0.2269011038,-0.466334536,-0.8066861918,-0.4709517097,-0.486122423,-0.4505042265,-0.1035566084,-0.2354758548,0.7427053573,-1.3468955058,-0.2994566893,-0.2572425305,-0.4412698792,-0.0692576044,-0.0250646568,-0.6279356129,-0.2625193003,-0.4254395697,0.5111870798
2017-03-07,0.2651576853,2.0830049007,0.3080314404,-0.5745083181,0.1550051145,-0.3772890447,-0.3555223691,1.017756986,-0.1866657337,0.1055353971,0.2743920325,-0.4267587621,1.228168184,0.1180677255,0.3673951012,-0.2407526247,3.0090780105,-0.6068285335,0.3172657876,0.3805870259,0.176112194,-0.0573848722,0.4399506868,0.110812167,1.0137994086
2017-03-08,0.5863810503,-0.164899058,-0.2453697983,-0.8469215619,-0.4247799734,-0.3647567163,-0.292860727,0.0580444684,0.0468313325,-0.3152869989,0.0587040647,-0.3489264067,-0.5263577932,0.1767717902,-0.4056516827,-0.2414122209,-1.3238096377,0.6892780625,0.3159465951,-0.5507628537,0.0501293136,-0.0573848722,-0.1747930015,0.0692576044,0.2499869719
2017-03-09,1.191230795,-0.5092082911,0.9240943211,-0.3614587352,0.1167485331,-0.2288798925,-0.2612001079,-0.7895366897,-1.3099581168,0,-0.1945808884,0.864071064,-1.779590634,0.6464043074,0.4221415885,-2.285500944,-1.4682612125,0.4696325172,-0.5659335671,0.2427314134,-0.2255819114,0.0290222342,-0.4815052494,-0.3172657876,-1.3429379284
2017-03-10,-1.4840915221,-0.1945808884,0.3443092331,-0.7717275915,0.542847699,0.5520820462,-0.0982798386,0.4089496639,0.0718959893,0.3172657876,0.0976202423,0.5329537555,0,0.349586003,0.5006335401,-0.7176407004,-0.6609154245,-0.1959000809,-0.1266424765,0.0692576044,-0.0250646568,-0.201836447,-0.0441929475,-0.3185849801,1.2697227467
2017-03-13,-0.2625193003,0.0837687215,0,0.2295394887,0.2308586812,-0.5171234459,-0.2954991119,-1.6074360175,0.1431323824,0.0527676986,0.1952404847,0.1055353971,0,0,0.0534272948,2.0308967984,1.395705627,0.04551214,1.0164377936,-0.1035566084,-0.5791254917,-0.0870667026,-0.1767717902,0.4313759357,1.5441147792
2017-03-14,-0.0877262989,-0.4168648186,-0.1009182235,-0.3205637688,-0.1721546166,-0.0303414267,0.0989394348,1.211018682,0.3805870259,0,-0.6028709561,-0.2638384928,-0.1583030957,-0.8106437692,1.4887086957,-0.0705767968,-1.7828886152,-0.588359839,1.7525471885,-0.4498446302,0.5844022616,-0.0290222342,0.6200204581,-0.0692576044,-0.5355921404
2017-03-15,-0.6457447112,0.5738487219,-0.1009182235,-0.1840273487,-0.0382565815,0,0.230199085,0.1167485331,1.3244692339,0.5256981969,0.8838589509,0.1589626919,0.3528839841,0.2348162586,0,4.8242868411,1.0382044692,0.7004911984,1.0975681301,-0.1042162047,-0.5791254917,0.5217406195,0.2631788966,0.0415545626,-0.3924597581
2017-03-16,0.5336133517,-0.2354758548,0.6061689372,0.0461717362,0.0573848722,-0.2605405117,0.1147697444,0.1358768238,0.2315182774,0.9386054382,1.2209126255,0.7928346709,1.1925499875,0.3502455992,0.5903386277,-0.6562982509,0.2407526247,0.8587942941,0.5395497178,0.5929770126,0.2539445493,0.6035305523,-0.4801860569,0.1385152087,-0.2961587082
2017-03-17,0.0587040647,0.4874416155,0.5204214271,0.5989133787,-1.2103590858,0.1998576583,0.0817899328,0.5435072952,1.2011247385,0,-0.0573848722,0.3265001349,0.7407265686,-3.3124922772,0.9748832309,-0.2321778737,3.294683179,-0.0151707133,0.5355921404,1.0025862727,0.50591031,0.4557809963,-0.1319192464,0.2348162586,-1.8349967175
2017-03-20,-0.1174081293,0.5527416424,-0.099599031,0.7763447651,0.8416447921,-0.1378556125,0.1800697713,-0.0771727591,0.4538022076,-0.0514485061,-0.0382565815,0.8449427732,0.7836003236,-0.5507628537,0,-0.6318931903,-0.0573848722,0.0593636609,-0.2948395157,-0.0342990041,0.4016941053,-0.028362638,0,0.2064536206,1.2749995165
2017-03-21,-0.7948134596,-1.9867038509,-0.1787505789,-0.4966759627,-1.6806511992,-0.523059812,-0.1141101481,-1.9279997862,-0.7888770935,-0.8231760976,1.3719601626,-1.6041380363,-1.4814531371,-1.2341045501,-0.8324104448,-3.0222699352,-1.5988612664,-0.1338980351,-1.4220894763,-0.0342990041,-0.6239780355,-1.6417350215,-0.6615750207,-0.8911145095,-1.2011247385
2017-03-22,-1.0131398124,-1.6107339986,0.1596222882,-1.182656044,-1.1298883455,-0.3720122749,-0.2288798925,-0.5758275106,0.04551214,-0.6774053303,1.7729946717,-0.6180416694,0.3964173354,-1.0692054921,0.1945808884,0.176112194,0.6437659225,-0.6701497717,-0.2420718172,-0.3067122479,-0.1510475371,-0.2902223421,-0.1338980351,0.5837426653,-0.1530263258
2017-03-23,-0.423460781,1.3904288571,0.338372867,0.6022113598,0.0606828533,0.4986547514,1.1971671611,1.1622085608,1.367342989,0.8423043883,0.3456284256,0.2658172815,1.0784398394,1.2143166632,-2.495912142,-0.4564405926,2.4345696924,-0.0903646838,1.276318709,0.6846608888,0.2526253569,0.9913731367,0.9372862457,1.2815954788,0.6642134057
2017-03-24,-0.0303414267,0.3548627728,-0.7519397045,0.0461717362,-0.1609414806,0.5256981969,0.2737324363,-2.0869624781,-2.47876264,-1.9233826126,-0.3977365279,-0.3964173354,-0.0336394078,0.1879849261,-0.3627779276,0.0356181965,-0.3350748859,0.0903646838,0.119386918,-0.0336394078,-3.5736923851,-0.0573848722,-2.112027135,0.1622606731,-0.50591031
2017-03-27,-2.467549504,-0.3100102291,0.2605405117,-0.1378556125,-0.1009182235,0.3067122479,-0.2407526247,-0.8337296373,-1.1133984397,-1.6595441198,-0.5276769856,0.7585356668,-0.1681970392,-0.4379718981,-0.2024960432,-2.4728262739,-3.2023397065,0.3759698523,-0.5956153975,0.1015778197,0.0798111441,-0.3166061914,-0.8634114677,-0.255923338,-0.0507889099
2017-03-28,-0.4115880488,0.3825658146,0.2592213192,0.55142245,0.2631788966,0.4274183584,0.0646404307,0.5151446572,0.4010345091,-2.2518615361,0.4399506868,-0.5652739708,0.304073863,0.377948641,0.4069708752,0.403672894,0.4135668375,0.0600232571,0.0600232571,0.1015778197,0.5844022616,0.1444515748,0.9214559361,0.7308326251,-0.4590789775
2017-03-29,0.7644720329,-0.7189598929,-0.2381142398,0.3647567163,0.2823071873,0.9564145364,-0.1767717902,-0.1840273487,0.2579021267,-0.1708354241,1.0929509565,0.0263838493,-0.386523392,-0.1879849261,0,1.0217145634,0.5870406465,0.238773836,-0.1200465142,0.0336394078,0.4742496908,0.201836447,0,0.4016941053,-0.770408399
2017-03-30,-0.2203051415,-0.0428737551,0.0600232571,0.3627779276,0.5019527326,0.2546041456,0.0158303096,0.6556386546,0.6074881297,-0.6272760167,0.1253232841,0.2651576853,0.2704344551,0.8165801353,-0.1616010768,-0.0356181965,-0.3489264067,0.0890454913,0.4808456531,0.2704344551,0.3139678064,-2.1265382521,0.3634375238,0.8383468109,0.3119890177
2017-03-31,0.9478397854,0.1853465412,0.0798111441,0.9016680492,0.457759785,0.6556386546,0.4030132978,1.6028188438,-0.2546041456,0.7479821271,-0.5725295294,0.4755688833,-0.017149502,0.5586780085,0.054086891,-0.2513061644,0.5263577932,0.1484091522,0.1787505789,0.2354758548,0.494697174,-0.5639547784,-0.1352172276,-0.0659596232,-0.4135668375
2017-04-03,-0.0620020458,-0.312648614,0.6562982509,-0.5784658955,-0.9491589779,-0.4425890717,0.4003749128,0.1583030957,0.0930030687,1.1951883724,0.7215982778,-0.9966499066,-0.3370536746,-0.184686945,0.0811303365,-0.4326951282,-0.2321778737,-0.4300567433,0.2974779006,-0.4023537015,-0.0514485061,-0.329798116,0,0.3944385468,0.6246376317
2017-04-04,0.2493273757,0.7281942402,0.0593636609,-0.403672894,0.1602818844,-2.7782193293,0.605509341,0.3555223691,-0.139174805,1.9563624242,0.963670095,0.1061949934,-0.1015778197,-1.1107600547,0.0943222612,0.2539445493,-0.8733054112,0.3284789235,0.0593636609,-1.1806772553,0.0778323554,0.8733054112,0.7242366628,0.3271597311,-1.083057013
2017-04-05,0,0.8337296373,-0.6299144016,-6.7720745142,0,-0.4960163665,0.2684556664,-1.1008661113,-0.3720122749,2.4431444434,0,-1.0105014275,-0.8146013466,0.4392910905,0.201836447,1.2664247655,0.0587040647,-0.0448525438,-0.3555223691,-0.6872992738,-0.0771727591,-0.3568415615,1.0296297182,0.5204214271,0.0521081023
2017-04-06,0.3726718711,-0.1114717632,0.258561723,0.5534012387,0.0798111441,0.5468052764,0.4557809963,0,-0.6081477259,0.7328114138,-1.51245416,0.8099841729,0.9102428002,0.3739910636,0.0672788157,0.4617173624,0.9432226118,0.2823071873,0.6549790584,-1.458367269,-0.3621183314,0.6569578471,-0.5289961781,0.3871829882,0.73347101
2017-04-07,0.4016941053,4.1923936508,-3.6422903933,-0.099599031,0,0.2790092061,0.1873253299,1.4788147522,0.6371699601,-0.4142264337,0.1978788696,0.0798111441,0.0336394078,-0.3720122749,0.1207061105,-0.0705767968,0.523059812,-0.073874778,1.0019266765,-0.4260991659,0,0.5916578201,0.7110447381,0.2565829343,-0.4142264337
2017-04-10,-0.3680546975,-0.761833648,0.0837687215,-0.4498446302,0.0402353702,0.0151707133,0.1398344012,0.9386054382,0.210411198,-0.156324307,0.3232021537,0.7723871877,0.4913991929,0.062661642,0.1873253299,0.1767717902,0.3456284256,0.1332384389,0.1160889368,0.1787505789,0.025724253,-0.0587040647,-0.2196455453,0.7031295833,0.312648614
2017-04-11,-0.3086910366,-0.4920587891,-0.4815052494,-0.1510475371,-0.579785088,-0.0923434725,0.3265001349,-0.6167224769,0.3265001349,0.1569839032,-0.375310256,-1.0269913333,-2.0843240932,-0.1246636879,-0.1602818844,-1.1265903643,-0.6312335941,0.1332384389,-0.6952144286,0.8198781164,-0.1556647108,0.0587040647,0.1325788426,-0.5692315482,3.2696185222
2017-04-12,1.1166964208,1.1384630965,1.2439984936,0.403672894,1.108781266,0,0.5718699332,0.0389161777,0.3245213462,0.6774053303,1.0599711449,0.6154032845,0.173473809,0.4366527056,0.6417871338,-0.5731891256,0,0.5164638497,0.2341566624,0.2466889908,0.625297228,-0.2638384928,4.7114958854,0.8930932982,1.5823713606
2017-04-13,-0.3047334592,-0.0659596232,-0.1035566084,-0.3007758818,-0.753258897,-0.247348587,0.6589366358,-0.50591031,-0.2770304175,0.1550051145,0.4419294755,-0.3977365279,-0.2598809154,-0.6820225039,0.2117303905,-0.2526253569,5.6171215119,-0.0877262989,0.3502455992,-0.5256981969,-0.2836263798,0.1470899597,1.1094408623,0.3146274027,0.4346739169
2017-04-18,0.0303414267,-0.6457447112,-0.1655586542,-0.9564145364,-0.5613163935,-0.0468313325,-0.6371699601,-1.0975681301,-1.7611219395,-0.9775216159,-0.3337556934,-1.0929509565,0.3476072143,-0.062661642,-0.6734477529,-2.4655707153,0.1602818844,0.0145111171,-0.696533621,0,-0.3627779276,-0.4993143476,-0.8891357208,-0.5012931363,-1.1991459498
2017-04-19,0.55142245,-0.1200465142,-0.1866657337,-0.6134244958,0.18204856,0.9623509025,-0.0151707133,-0.2394334322,0.0949818574,-0.2090920056,0.0883858951,-0.2170071603,-0.1207061105,0.5646143746,0.1200465142,1.0922913602,-0.2130495829,-0.1616010768,-0.3522243879,0.3885021807,-0.0521081023,-0.6213396506,0.8601134866,-0.5679123558,-0.5375709291
2017-04-20,0.18204856,1.1068024773,0.3542031766,0,1.5131137563,0.4129072412,0.8733054112,0.0402353702,0.3805870259,0.6813629077,1.0045650614,0.7341306062,0.0692576044,0.3733314673,0.2796688024,2.1865615092,1.0144590049,0.5731891256,1.1800176591,0.2110707942,0.4696325172,0.6872992738,0.5659335671,1.7828886152,1.0837166092
2017-04-21,-1.1206539982,-1.4689208087,-0.145111171,0.0514485061,-0.3944385468,0.258561723,-0.2420718172,0.5995729749,0.449185034,0.1556647108,-0.659596232,-0.9682872686,0.4848032305,0.3706930824,-0.3713526786,-0.2869243609,2.2617554796,0,-0.0580444684,-0.3152869989,-0.8548367167,-0.0296818304,-0.0402353702,-0.6200204581,-2.3745464353
2017-04-24,0.184686945,2.3066080234,0.4155456262,1.0823974168,1.7657391131,0.3027546705,2.0038533529,2.9714810253,2.9352032325,0.7242366628,-0.2981374969,1.5012410241,1.3567894493,1.5368592206,0.6668517906,2.4497404058,3.4582630445,1.6615229085,1.6826299879,1.302042962,1.7314401091,2.3956535147,1.6450330027,1.2519136484,-0.1002586273
2017-04-25,-0.6760861378,-0.3238617499,-0.7427053573,-0.0507889099,0.3093506328,0.4669941323,-0.7367689912,-0.5309749668,3.7544217527,0.5118466761,-0.2466889908,0.4538022076,-0.5725295294,0.1200465142,0.3166061914,1.7017582786,0.2414122209,0.2414122209,1.5276248734,0.1378556125,-0.2809879948,4.6804948625,-0.861432679,1.2895106336,0.503271925
2017-04-26,0.0310010229,3.7768480246,0.2506465682,0.4564405926,0,-0.3146274027,-0.2381142398,0.3436496369,3.3817498816,0.2539445493,0.6721285604,-0.0263838493,0.5942962051,-0.659596232,2.1680928147,0.3726718711,0.9630104988,0.3542031766,0.1655586542,0.1721546166,0.2565829343,0,1.2690631504,0.301435478,0.3001162856
2017-04-27,0.1860061374,1.9088714955,0.1246636879,1.108781266,3.3461316851,-1.4438561519,-1.898977552,3.8968945388,0.1616010768,-0.2024960432,-2.7834960992,2.8646264357,0.420822396,0.0606828533,0.6358507677,-7.138150423,-0.9491589779,-0.5210810233,-3.6950580918,-0.8587942941,6.0102408662,-0.8792417773,-0.0389161777,0.7796427463,7.1130857662
2017-04-28,-3.0011628557,-0.4188436073,-1.0586519524,0.2480081832,-0.8416447921,0.184686945,-1.2011247385,3.1950841479,0.5045911175,0.2031556395,2.558573784,0.7624932442,0.0837687215,2.3600353182,0.377948641,0.6041901485,-0.2407526247,-3.4932216448,-2.1614968524,-0.7657912254,1.5704986285,-0.5131658685,-0.8178993277,0.2961587082,-0.6734477529
2017-05-02,-0.5507628537,-1.0843762055,1.4979430429,1.4814531371,1.0197357747,0.230199085,0.8310912524,-0.5138254647,0.7413861648,0.9610317101,0.827133675,1.5078369864,0.9682872686,0.7011507946,2.0671745912,-3.2551074051,1.4016419931,0.4795264607,0.3621183314,0.7394073761,0.87000743,0.8436235808,1.5375188169,0.5896790314,-0.5441668914
2017-05-03,0.3924597581,-1.6536077537,0.329798116,0.3377132708,0.3832254108,-0.2447102021,-0.3720122749,-1.4148339177,0.2572425305,-1.5955632853,0.3997153166,0.1840273487,-3.7359530582,0.8093245767,0.5468052764,-1.6925239314,-2.8389021826,0.1042162047,-0.5408689103,0.2783496099,-0.1358768238,-0.7796427463,-0.8475811582,-0.5263577932,-0.2743920325
2017-05-04,0.3575011578,0.4399506868,1.211018682,0.7202790854,0.0725555855,-0.0461717362,0.2024960432,2.521636395,-0.7103851419,-0.7664508216,0.3106698253,1.2862126525,0.8198781164,0.3997153166,1.265105573,-2.4233565565,-6.7245835855,0.7136831231,0.3027546705,0.5204214271,0.2038152357,0.3805870259,0.1952404847,-0.0587040647,0.2295394887
2017-05-05,0.7433649535,0.3119890177,0.7453437422,-0.0474909287,-0.054086891,0.3225425575,0.2176667566,-0.8831993547,-0.7380881836,3.3085346999,0.4815052494,1.2011247385,0.5171234459,0.1134505519,-0.1774313864,1.2162954519,0.7156619118,1.2202530293,0.9043064341,0.4472062453,0.8350488297,0.4326951282,0.4280779546,-0.4722709021,-0.2288798925
2017-05-08,0.1596222882,-0.5586780085,-0.0395757739,0.0474909287,-0.5626355859,0.77898315,-0.588359839,0.1550051145,-1.3112773093,-0.0494697174,-0.7341306062,0.1180677255,-0.0857475102,-0.5098678874,0.4742496908,-2.4292929226,-2.2874797327,-0.1299404577,-0.4162052224,0.5125062723,0.0666192194,-0.349586003,-0.4636961511,-1.0698650883,0.8264740787
2017-05-09,0.0316606191,0,0.8172397315,-0.1899637148,-0.164899058,0.9663084799,0.7493013196,0.1543455183,-0.0408949664,1.8719341065,-0.8456023695,0.8831993547,-0.5817638766,0.1141101481,0.588359839,0,1.9748311187,-0.1444515748,0.5982537824,0.4069708752,0.2005172545,0.2968183044,0.4280779546,0.1813889638,2.5401050895
2017-05-10,-0.0316606191,0.062661642,0.1774313864,0.0474909287,-0.8258144825,0.2381142398,-0.0151707133,-0.8568155054,-0.6589366358,-0.622658843,0.2097516018,-0.4650153436,0.3627779276,0.1141101481,0.4082900676,-0.8977104718,-1.9174462465,0,1.5421359905,-0.3370536746,-1.1767196779,0.4841436343,0.3871829882,-0.301435478,-0.6549790584
2017-05-11,1.0837166092,0.312648614,-0.1569839032,-0.1431323824,-0.2598809154,-0.3852041995,0.0151707133,0.3990557204,-0.6655325981,-0.338372867,-0.2612001079,-0.4096092601,-0.7558972819,0.2275607,0,-3.5103711469,-0.2823071873,-0.0145111171,0.1741334053,0.440610283,0.2941799195,-0.0534272948,0.5382305253,-0.1207061105,-0.1325788426
2017-05-12,-1.2228914142,-0.622658843,0.5712103369,-0.0474909287,-0.3172657876,0,0.432035532,-0.8284528674,-0.8403255996,-0.9234347248,-0.0877262989,0.4709517097,-0.7295134326,0.1134505519,0.4636961511,-1.1899116026,-0.056725276,-0.6088073222,0.0580444684,0.7064275645,-0.4953567703,-0.3205637688,-1.449792518,-0.7275346439,-1.8567633932
2017-05-15,-0.3832254108,0.6285952091,-0.1174081293,-0.0474909287,0.2433910096,0.6859800813,-0.1075141858,-0.0870667026,0.0850879139,0.3449688294,0.3680546975,0.4096092601,0.3687142937,0,0,1.8178472155,1.247956071,0.0877262989,0.3462880218,0.0666192194,0.3172657876,0.5369113329,1.0144590049,0.1840273487,0.5006335401
2017-05-16,0.7717275915,2.2419675927,0.5276769856,0.4782072682,-0.1681970392,0.6490426923,0.0151707133,0.9623509025,0.7862387086,0.4412698792,-0.4353335131,-0.0580444684,-0.3317769047,-0.5098678874,0.1154293406,-2.2228393019,0.5006335401,-0.1167485331,0.5745083181,0,0.4287375508,0.1061949934,0.7684296103,0.5501032575,0.3614587352
2017-05-17,-2.3191403518,-2.2887989251,-0.2328374699,-0.6167224769,-1.4603460577,-0.8475811582,-1.028970122,-2.6212354261,-2.3949939185,-1.2664247655,-0.0527676986,-1.51245416,-0.3159465951,-0.8561559092,-1.091631764,-0.0936626649,-1.9886826396,-1.0105014275,-1.2532328409,-0.2994566893,-0.9194771474,-0.7710679952,-1.9748311187,-2.5460414556,-1.8857856274
2017-05-18,-0.4280779546,-1.247956071,-0.50591031,0.0481505249,-0.440610283,-0.7697488028,0.7803023425,-0.5026123288,-0.7849195161,-0.7948134596,-0.4386314943,-0.2381142398,0.1939212922,0.4623769587,-0.5844022616,-0.3291385198,-0.7407265686,0.1187273218,-1.4517713067,-0.4010345091,-0.5909982239,-0.9412438231,-0.4696325172,-0.5672527595,-0.5547204311
2017-05-19,2.0882816706,1.9082118993,0.8436235808,0.861432679,1.2723611316,0.8086649805,0.3858637957,2.3527797596,1.4557288841,1.4075783591,-0.247348587,0.5375709291,-0.176112194,1.3778965287,0.3535435804,1.1338459229,2.0737705535,0.6088073222,0.5936366088,0,0.2750516288,1.4464945368,1.1041640924,1.3356823699,2.936522425
2017-05-22,0.9959903104,0.0620020458,1.3950460307,0.992032733,-0.4538022076,-0.0441929475,0.3983961241,-0.017149502,-0.6477234999,0.5415285065,0.0356181965,-0.5336133517,0.3001162856,-0.5626355859,0.1174081293,2.0902604593,0.0560656797,-0.2203051415,-0.3528839841,1.4458349406,0.8225165013,-0.3205637688,-0.542847699,-0.062661642,1.2050823159
2017-05-23,-0.6648730019,0.4940375778,0.2658172815,0.3726718711,1.5803925719,0.2519657606,0.1371960163,0,1.0025862727,1.2202530293,0.5138254647,4.2418633682,-0.1754525977,0.3403516557,0.7024699871,-0.7202790854,0.7255558552,0.5903386277,0.7690892065,0.1972192734,-0.0903646838,0.2143687754,0.8990296643,0.4366527056,1.6654804859
2017-05-24,0.6074881297,0,0.6048497448,-0.3700334862,0.0930030687,0.0587040647,1.1859540252,-0.5764871068,-0.1286212652,0,-0.1404939974,-1.6839491804,0.5283365819,0.1127909557,0.2895627459,2.1852423167,0.5520820462,0.1319192464,0.5850618578,0.8858377396,0.1127909557,0.989394348,0.7717275915,-0.3100102291,-0.3416708482
2017-05-26,0.0949818574,-0.2453697983,0.1873253299,0.2790092061,-0.4643557473,0.486122423,0.0745343742,-0.5111870798,-0.0646404307,0.5270173894,-1.0751418582,0.1154293406,-0.1048758009,-0.4505042265,0.5191022346,-0.9696064611,0,-0.1312596502,0.4056516827,0.2262415076,-0.0679384119,0.5270173894,0.6483830961,0.1866657337,-0.2150283716
2017-05-29,0.50591031,-0.2460293945,0.0560656797,-0.2783496099,-0.0184686945,0.0441929475,0.0745343742,-0.2130495829,0.0217666757,-0.1899637148,-0.2328374699,-0.4597385737,-0.6998316022,-0.1134505519,-0.3429900407,0.3133082102,0.2737324363,0.2776900137,-0.1154293406,0.0646404307,0.2486677795,-0.1306000539,-0.1510475371,-0.2486677795,0.3878425844
2017-05-30,-0.2513061644,-0.3706930824,-0.7090659494,-0.0468313325,-0.6919164474,0.9504781704,-0.2532849531,-0.5349325442,-0.0428737551,0.0474909287,-0.9531165553,-0.4056516827,0.1240040916,-0.284285976,-0.1147697444,-0.1780909826,-1.1450590588,-0.4221415885,0.1154293406,-0.2255819114,0.247348587,0.366735505,-0.4162052224,0.1873253299,-0.4287375508
2017-05-31,-0.8825397585,-0.1240040916,-0.5844022616,0.0930030687,-0.5863810503,0.6774053303,0.0448525438,0.054086891,-0.7321518176,-1.23938132,-1.3864712797,-0.1747930015,-1.7472704186,-0.742045761,0.4030132978,-2.7670061934,-1.4425369594,0.3370536746,-1.0942701489,0,-0.8291124637,-0.5731891256,0,-0.2486677795,-0.992032733
2017-06-01,0.7024699871,0.3733314673,1.3891096647,1.395705627,1.2782974977,0.5138254647,-0.1497283447,0.6107861109,0.4135668375,0.3396920595,0.9504781704,1.7525471885,0.3080314404,0.1154293406,0.5151446572,0.9313498796,1.304681347,0.5540608349,0.2341566624,0.5171234459,-0.3634375238,0.5520820462,0.761833648,1.3726197588,1.0072034463
2017-06-02,1.2644459768,2.2894585214,-0.3166061914,-0.04551214,0.7295134326,1.1180156133,0.8990296643,0.8007498257,0.9959903104,0.338372867,-0.8449427732,0.3983961241,0.5052507137,-0.5184426384,0.1701758279,-0.275711225,0.8343892335,0.0290222342,0.2915415346,-0.449185034,-0.2968183044,0.2605405117,0.1127909557,0.366735505,-0.0864071064
2017-06-05,0.0930030687,-0.7176407004,-0.2249223151,-0.18204856,0.0923434725,-0.264498089,-0.5026123288,-0.6503618848,-0.852857928,0.8172397315,-1.3027025583,-0.2829667835,-0.4478658415,0.0580444684,-0.5098678874,0.2308586812,-0.1101525707,-0.4623769587,0.5811042804,-0.5811042804,-0.4815052494,-0.0521081023,-0.9023276454,-1.276318709,-0.3020950743
2017-06-06,-0.9597125176,-0.8462619657,0.0560656797,0.3199041725,0.7024699871,0.1114717632,-0.1338980351,-0.6925760436,0.3238617499,-0.2374546435,0.056725276,-0.5679123558,0.0178090983,-0.2321778737,0.1141101481,0.8733054112,0.2203051415,-0.9168387625,0.4030132978,-0.1629202693,-0.6694901755,0.2334970661,0.0765131629,0.0620020458,-0.1299404577
2017-06-07,-0.062661642,0.1840273487,-0.0375969852,0.2275607,0.0547464873,0,0.9854367706,0.4307163395,0.4729304984,0.4768880758,0.0758535667,0.68795887,0.5586780085,0.2908819383,0.2849455722,0.9979690991,0.1094929745,0.5903386277,0.1714950203,-0.2288798925,-0.5369113329,0.2328374699,0.7994306332,0.1240040916,-0.2176667566
2017-06-08,-0.062661642,-0.4887608079,-0.807345788,-0.2717536476,-1.0599711449,-0.7809619387,-0.1767717902,0.0356181965,0.2776900137,-1.3251288301,-0.0758535667,-0.1701758279,-0.6971932173,0.0580444684,-1.1351651153,0.7150023155,0.6022113598,-0.1319192464,-0.0573848722,-0.4260991659,0.258561723,-0.1028970122,-0.7519397045,-0.4326951282,-0.4359931094
2017-06-09,1.1331863266,0.9847771744,0.247348587,-0.09102428,0.1668778467,0.5507628537,0.707746757,1.1226327869,0.9142003776,0.5791254917,0.2084324093,0.1134505519,0.3792678334,0.5791254917,1.0395236617,0.2209647377,1.6813107954,0.9531165553,1.8864452236,0.2308586812,-0.1873253299,0.7235770665,0.7605144555,0.8713266225,0.7024699871
2017-06-12,0.6193608619,-1.0909721678,-0.3218829612,-0.9115619927,0.6853204851,-0.3640971201,0.5547204311,-2.3475029898,-0.8594538903,-0.909583204,-0.8317508486,-1.4761763673,0.5566992198,-0.4590789775,-1.5922653041,-1.2334449539,-1.9570220204,-0.1589626919,-1.111419651,-0.0989394348,-0.7519397045,-0.7156619118,-2.5196576063,-1.2895106336,-0.8258144825
2017-06-13,1.5335612395,1.0480984127,0.5712103369,0.0461717362,0.7150023155,0.3660759088,1.6496501763,1.1806772553,1.0408428541,0.7763447651,0.9003488567,0.6384891526,0.5342729479,-0.0580444684,0.349586003,0.0897050876,5.3968163705,0.0725555855,0.3957577392,0.3621183314,1.449792518,0.542847699,1.4075783591,1.0645883185,0.7037891796
2017-06-14,2.3376090463,0.18204856,0.2077728131,0.0923434725,0.1629202693,-0.2097516018,0.2539445493,-0.8746246037,-0.9827983857,-0.4795264607,-0.1134505519,-0.4597385737,-0.5303153706,-0.0580444684,0.8113033654,-3.0941659244,-2.4688686965,0.2024960432,-0.50591031,0.0982798386,-0.2090920056,-0.6919164474,-0.8805609698,-0.184686945,0.3918001618
2017-06-15,-0.4630365549,-0.1813889638,-0.9405842269,-0.3232021537,-0.742045761,-0.2809879948,-0.6187012656,-0.5243790045,-1.0823974168,-1.4016419931,-0.0943222612,-0.0580444684,-0.8370276184,-0.0580444684,-0.5151446572,-2.9642254667,-1.7274825317,-0.6925760436,-0.9056256266,-0.8502195431,0.0230858681,-0.2592213192,-0.6985124097,-0.494697174,-1.2116782782
2017-06-16,1.3699813739,1.8204856004,0.935307457,-0.0930030687,0.6035305523,-0.6206800543,0.0712363931,1.549391549,1.0790994356,1.1846348327,1.3264480226,0.3476072143,0.5593376048,0,-1.2697227467,-0.8864973358,-1.182656044,1.4431965557,2.0091301228,0.6292548054,1.0962489376,1.1437398663,1.6470117914,2.9272880777,0.6173820732
2017-06-19,-0.0857475102,2.1258786558,0.6774053303,0.7888770935,-0.7433649535,0.8258144825,0.7803023425,3.0282063012,1.9959381981,1.8917219935,0.6134244958,0.8647306602,0.8944124906,0.6378295564,0.7057679683,2.2472443625,1.0401832579,0.6417871338,1.8382946987,0.1972192734,-0.0916838763,1.3798753174,0.0765131629,0.4175244149,3.0578881317
2017-06-20,-0.1998576583,-0.1141101481,-0.6516810772,0.2295394887,-0.2203051415,0.1688566354,0.1259828803,0.9366266495,-2.4530383869,-0.6602558283,-0.2209647377,-0.1141101481,-0.4940375778,-0.8607730828,-0.2908819383,-0.6760861378,-1.8857856274,-0.466334536,-0.5962749938,-0.3271597311,-0.9419034193,-1.0513963939,-0.0382565815,-0.770408399,-3.0895487508
2017-06-21,-0.2005172545,0.68795887,-0.6582770396,-0.548784065,-1.0487580089,-0.3225425575,-0.7552376857,0.4702921134,0.4709517097,-0.8093245767,-0.3324365009,-0.4557809963,-0.6932356399,-0.6398083451,0.4676537285,1.9029351294,0.6101265146,-0.6404679413,-0.8205377126,-0.46039817,-1.1885924101,-0.8396660034,0.1530263258,-0.3001162856,-1.6641612934
2017-06-22,-1.4959642542,0.7374285874,-0.3423304444,-0.3687142937,-0.6543194622,0.0989394348,-0.3396920595,0.1002586273,-0.1490687484,-1.2538924371,-1.3554702568,0.1721546166,0.503271925,-0.9399246306,0.9287114947,0.8060265955,-0.2750516288,-0.4023537015,-0.8304316561,0.3640971201,0.2374546435,-1.2881914412,-0.267136474,-0.5421881027,-0.0897050876
2017-06-26,0,-1.6826299879,-0.210411198,0.3706930824,-0.0375969852,-0.1127909557,0.3983961241,-0.9320094759,0.5111870798,0.0982798386,-0.5118466761,-0.6872992738,-0.0890454913,0.2981374969,-0.1147697444,-0.6088073222,0.6074881297,-0.0725555855,-0.0560656797,-0.1319192464,-0.0943222612,0.3944385468,1.1107600547,0,0.1800697713
2017-06-27,-1.1476974437,-0.9207963399,-0.881220566,-0.2763708212,-0.64244673,-0.0705767968,-0.8343892335,-1.6377774441,-1.2050823159,-1.8158684268,0.3053930554,-1.2730207278,-1.1430802701,-0.2374546435,-0.8027286144,1.0401832579,-0.2737324363,-0.5791254917,-1.2347641464,-0.5276769856,-1.6813107954,-0.3396920595,-1.4313238235,-1.154293406,-0.5830830691
2017-06-28,0.1200465142,0.8172397315,-0.0191282907,-0.6945548323,0.267136474,-1.9761503112,-0.4155456262,0.8660498527,0.0428737551,-0.7064275645,-0.2849455722,-0.2361354511,0.18204856,1.1312075379,0.2321778737,0.1860061374,1.0434812391,0.4669941323,0.2862647647,-0.099599031,0,0.7611740518,0.423460781,-0.6180416694,0.4076304714
2017-06-29,-0.2394334322,-0.7493013196,-0.2328374699,-1.028970122,-0.4181840111,-0.9603721138,-1.6859279691,-2.0341947796,-1.247956071,-1.1219731907,-0.1721546166,-1.8950199746,-1.0692054921,0.1167485331,-1.2730207278,-1.5784137832,-1.6219471346,-0.6233184393,-2.0506846854,1.1325267304,-0.7776639576,-1.8429118723,-1.83631591,-1.1859540252,-0.8548367167
2017-06-30,-0.2400930285,-1.1661661382,0.1952404847,-0.7130235268,0.0191282907,-0.1919425035,-0.0890454913,-0.6173820732,0.6358507677,0,0.0765131629,-0.670809368,0.8106437692,-0.8766033924,0,0.523059812,0.7756851689,-0.2783496099,0.5289961781,-0.0329798116,0.6147436882,0.6945548323,0.9841175782,-0.1906233111,0.7750255726
2017-07-03,0.3614587352,0.5342729479,-0.0778323554,1.1529742136,-0.1147697444,-0.3852041995,0.4735900946,1.2815954788,1.2380621275,0.7262154515,0.4973355589,1.293468211,0.8739650074,1.716928992,0.1180677255,3.9160228295,2.3554181446,1.631841078,1.1661661382,0.1635798655,0.2922011308,1.1892520063,0.6978528135,1.4023015893,0.3601395427
2017-07-04,0.5388901216,-0.3535435804,-0.1945808884,-0.4247799734,0.1338980351,-0.312648614,-0.2354758548,-1.083057013,0,-0.1028970122,-0.1708354241,-0.6041901485,0.341011252,-0.2308586812,-0.4709517097,-0.1780909826,-0.1589626919,0.1431323824,0.2862647647,-0.3271597311,-0.3396920595,-0.1035566084,-0.7671104178,-0.2493273757,-0.761833648
2017-07-05,0.9207963399,-0.4735900946,0.0587040647,0.2374546435,0.1721546166,-0.0296818304,0.8264740787,0.4617173624,-0.1919425035,0.3086910366,-0.2856051685,0.7921750747,-0.2321778737,0.173473809,0.3561819653,-0.4913991929,1.219593433,-0.2150283716,0.2282202963,-0.3944385468,0.4630365549,0.8317508486,0.5824234729,0,0.770408399
2017-07-06,-0.176112194,-0.4175244149,-0.5850618578,-0.5210810233,-0.2480081832,-0.6589366358,-0.4082900676,-0.7756851689,-0.2354758548,-0.46039817,0.477547672,-0.6628942132,0.6991720059,-0.2308586812,-1.0032458689,-0.4498446302,0.4683133247,0.1721546166,-0.909583204,-0.2974779006,-0.4115880488,-0.6160628807,0.3462880218,0.1253232841,-0.8963912793
2017-07-07,0.6464043074,0.1800697713,0.4326951282,0.0474909287,-0.0765131629,0.0606828533,1.3640450078,0.2321778737,-0.5580184123,-0.3607991389,0.3792678334,0.6694901755,0.2308586812,-0.3476072143,0.1200465142,-0.5435072952,-0.6200204581,-0.1721546166,-0.3456284256,0.0666192194,-0.1708354241,-0.3627779276,-0.1912829073,0.4379718981,0.8178993277
2017-07-10,-0.0290222342,0.0600232571,0.3515647917,0.7631528405,-0.230199085,0.3172657876,-0.2011768508,1.7954209436,1.1041640924,0.6734477529,1.1694641194,0.1207061105,0.2123899867,0.349586003,0.0600232571,-0.2282202963,0.5738487219,0.9623509025,0.2315182774,0.3977365279,1.0995469188,0.4953567703,1.2288277803,1.1180156133,0
2017-07-11,-0.4656749398,-0.1794101751,-0.6609154245,0.0943222612,-0.6727881567,-0.1952404847,-0.7064275645,-0.3462880218,-0.5322941592,-0.6668517906,-0.1114717632,-0.9016680492,0.4762284795,0.1160889368,-0.9557549402,0.366735505,-0.6727881567,-0.2123899867,-0.1154293406,-0.7578760706,-1.2492752635,0.1550051145,0,0.1833677525,-0.9874155593
2017-07-12,2.4919545646,2.0388119532,0.9425630156,1.0355660843,1.1068024773,0.0151707133,0.8594538903,2.6970889928,1.3310651962,0.9847771744,0.7242366628,1.8290603514,0.0349586003,1.7360572827,1.3943864345,0,1.4108763403,0.6107861109,2.8929890737,0.8337296373,2.8164759108,1.2644459768,0.5652739708,1.2182742406,2.0500250891
2017-07-13,-0.028362638,0.2328374699,0.9102428002,0.3245213462,0.4392910905,0.3317769047,-0.230199085,0.2341566624,-0.5468052764,0.5613163935,1.156931791,-0.4148860299,-0.4722709021,0.338372867,-0.8310912524,-1.458367269,0.0514485061,0.267136474,0.1662182505,1.3172136754,-0.3990557204,0.5065699062,1.4946450618,-0.1794101751,2.6951102041
2017-07-14,-0.7915154784,0.4636961511,-0.267136474,0.7842599199,-0.7209386816,-0.329798116,0.5197618308,-0.1668778467,0.7215982778,-0.1517071334,0.7037891796,-0.358160754,-0.7044487758,0.5045911175,0.3607991389,3.1700194911,0.2044748319,-0.0699172006,-0.0554060835,-0.4195032036,-0.1418131899,-0.0751939705,0.1094929745,0.2400930285,-1.9946190057
2017-07-17,0.6292548054,0.0573848722,1.2466368785,0.2737324363,0.46039817,0.2565829343,-0.2579021267,0.4175244149,-0.3357344821,0.8119629616,-0.4287375508,0.1800697713,-0.2493273757,0.668170983,0.119386918,-0.8007498257,0.6114457071,0.210411198,0.8297720599,1.1048236886,0.9709256535,0.2011768508,0.5105274836,0.8363680222,0.5692315482
2017-07-18,0.1134505519,-0.1147697444,-0.1503879409,-0.3179253838,-0.4953567703,-0.6160628807,-0.5751679143,-0.1991980621,-1.1391226927,-1.1028449,-0.0362777928,-2.3343110651,-0.5540608349,-1.708354241,-0.835708426,-0.4953567703,-0.7578760706,-0.4755688833,-1.2571904182,-0.1919425035,0.1635798655,-0.9531165553,-0.6154032845,0,-0.7809619387
2017-07-19,-0.2262415076,-0.6912568512,0.2638384928,0.2737324363,0.5949558013,0.1972192734,-2.9721406215,1.7644199207,-0.5580184123,0.5606567972,-0.0897050876,1.3033621545,-0.0903646838,-0.5659335671,-8.1737165073,1.6331602705,0,0.2532849531,-0.0554060835,1.3462359096,-0.3726718711,0.3053930554,-0.0732151818,-0.2361354511,0.1319192464
2017-07-20,0.056725276,-4.4245715244,-0.2255819114,-1.6806511992,0.4188436073,-0.2420718172,0.9715852498,-0.0811303365,0.9742236347,-0.1009182235,2.1074099613,-0.2433910096,-0.2710940514,-3.5374145924,-2.4292929226,-0.4425890717,0,-0.8000902294,0.1114717632,-2.1984342413,-0.0936626649,-0.3548627728,-0.292860727,2.9015638247,-0.1754525977
2017-07-21,-0.6239780355,-0.1873253299,-0.3772890447,-0.3726718711,-4.7827322784,-0.1061949934,-0.4188436073,-1.0223741596,-4.2022875942,-1.7716754792,-0.4887608079,-0.9161791663,-0.4353335131,-0.844283177,-1.1035044962,-2.5401050895,-1.8396138911,-0.0850879139,-0.3337556934,-0.5520820462,-3.7748692359,-0.3568415615,-0.514485061,-0.7941538634,-1.3185328678
2017-07-24,-0.1714950203,-0.8132821541,-0.1899637148,-0.9847771744,-0.6318931903,-0.5929770126,-0.8284528674,-0.6760861378,-2.5744040936,0,-0.7387477799,0,-0.9669680762,-0.366735505,-0.6266164204,1.5296036621,-0.3152869989,-0.668170983,-0.503271925,-0.5573588161,1.0197357747,-0.9221155324,0.073874778,-0.7460033384,-0.3139678064
2017-07-25,-2.6403637168,-0.1266424765,-0.6655325981,-0.1424727861,1.4610056539,-0.2453697983,-0.3357344821,-1.1490166362,0.2605405117,-0.1042162047,-0.3377132708,-0.5573588161,-0.9630104988,-0.0613424496,-2.2366908228,-4.258353274,-2.6403637168,0.3733314673,-1.8039956946,-0.4960163665,-0.2447102021,-4.8823313095,0.184686945,-0.4643557473,-0.585721454
2017-07-26,0,1.1424206739,0.9221155324,0.5243790045,0.221624334,0.4617173624,1.3798753174,0.0679384119,0.4960163665,0.468972921,0.9293710909,0.4999739439,0.827133675,0.8607730828,-0.1220253029,1.1622085608,-0.0547464873,0.3139678064,0.9273923022,0.3330960972,1.0322681031,1.1219731907,-0.184686945,1.0527155863,0.5909982239
2017-07-27,4.7240282138,-0.3746506598,0.7202790854,0.1418131899,0.7624932442,-0.9781812121,-0.1200465142,-2.0150664888,-0.9142003776,1.3970248194,-0.2466889908,2.0460675118,0.1484091522,-0.18204856,-0.0916838763,2.4748050626,-7.4329899387,0.099599031,1.2571904182,0.099599031,0.6536598659,-0.193261696,-4.2174583076,-0.3456284256,0.1800697713
2017-07-28,-2.9015638247,-0.753258897,-0.6371699601,-0.1418131899,0,-0.0778323554,-0.0600232571,-0.366735505,-0.7842599199,-1.0639287223,-0.5309749668,-1.1424206739,-0.9814791933,-0.0606828533,-0.5501032575,-1.1008661113,3.4127509045,-0.3977365279,-1.2341045501,-0.2315182774,-1.5817117644,-0.8020690181,-3.3593236097,-0.5204214271,-0.7189598929
2017-07-31,0.2915415346,-0.4445678604,-0.1517071334,-0.5679123558,-1.0118206199,0.4195032036,0.301435478,0.2987970931,-1.2987449809,-4.4285291018,-0.6239780355,-0.1226848992,-1.1463782513,-0.9135407814,-0.1233444954,0.3733314673,-0.943882208,0.0712363931,-1.3719601626,0.0666192194,-0.1470899597,-1.5394976056,-1.8323583326,-0.466334536,-0.7723871877
2017-08-01,0.7262154515,0.7671104178,0.7209386816,0,0.5237194082,1.51245416,0.4043324902,0.2796688024,1.0797590318,-0.3311173085,0.6661921943,1.7162693957,0.3443092331,0.679384119,-0.2466889908,-0.0930030687,1.017756986,0.4993143476,0.3502455992,0.5303153706,0.6398083451,0.1721546166,0.3423304444,0.9399246306,-0.50591031
2017-08-02,-0.4887608079,-0.6952144286,0.0184686945,0.3344152896,0.0600232571,0.346947618,0.0745343742,-0.5745083181,0.3377132708,-0.2776900137,0.0356181965,-0.238773836,0.5138254647,-0.366735505,-0.0771727591,-0.1860061374,-0.0587040647,0.1556647108,-0.8126225579,-0.2961587082,-0.5606567972,-0.9432226118,-0.0428737551,0.6952144286,-0.6483830961
2017-08-03,1.9688947526,-0.5745083181,0.6378295564,0.8548367167,-0.3192445763,0.8403255996,0.6101265146,0.3337556934,-0.1919425035,-0.2783496099,-3.3850478628,0.1800697713,0,-0.3073718441,0.0310010229,1.0250125446,-0.0587040647,-0.0989394348,0.1174081293,-0.0329798116,-0.1721546166,-0.0580444684,-0.255923338,0,0.3739910636
2017-08-04,1.5183905261,-0.2579021267,0.3904809694,0.468972921,0.5019527326,0.6371699601,0.7519397045,1.3284268113,0.2889031496,0,0.5256981969,0.5382305253,-0.321223365,1.111419651,0.4498446302,3.39428221,1.2400409162,-0.0138515209,0.7044487758,0.1985384658,0.3449688294,0.3772890447,1.2413601087,0.1147697444,-0.0930030687
2017-08-07,0.1101525707,-0.0646404307,0.3509051954,0.1860061374,-0.338372867,0.366735505,-0.0145111171,0.4109284526,-0.3119890177,-0.0560656797,-0.9313498796,-0.4148860299,0.4551214001,-0.6074881297,0.8317508486,0.7849195161,1.3910884533,0.2407526247,0.0580444684,-0.0329798116,-0.1226848992,-0.4326951282,0.1259828803,-0.0573848722,0.5586780085
2017-08-08,-0.5210810233,-0.5177830421,0.2203051415,0.2321778737,-0.1998576583,-0.0290222342,-0.3647567163,0.6978528135,0.0963010499,0.1681970392,-0.1893041186,0.0593636609,4.3342068407,1.0421620466,-1.3534914681,-0.258561723,0.4538022076,-0.395098143,0.6958740248,0.0659596232,0.2453697983,0.4650153436,1.4253874574,-0.1147697444,0.2770304175
2017-08-09,-0.4702921134,0.3265001349,-0.164899058,-0.0461717362,-0.3416708482,-0.3654163125,-0.176112194,-0.7750255726,0.1200465142,-0.2236031227,-0.2651576853,-1.2525732446,-0.5481244688,-0.6635538094,-0.1708354241,1.7314401091,-0.2816475911,-0.9221155324,-0.6312335941,-0.2638384928,-0.6609154245,-0.6061689372,-0.8211973089,-0.5738487219,-0.5520820462
2017-08-10,-0.2783496099,-0.77898315,-0.3304577122,-0.5553800274,0.4439082642,-0.264498089,-0.3970769317,-0.8521983318,-0.8884761245,-0.8403255996,0.6470639036,-0.790196286,-0.3746506598,-0.1220253029,-1.2143166632,-0.9280518985,-1.4154935139,-0.9062852228,-0.8113033654,-0.3970769317,-0.3706930824,-0.349586003,-1.2050823159,-0.8680286413,-0.9742236347
2017-08-11,-0.1959000809,-0.8146013466,-0.5534012387,-0.5131658685,-0.1807293676,-0.0296818304,-0.6061689372,-1.2604883994,-0.218985949,-0.3403516557,-0.4524830152,-0.9847771744,-0.0356181965,-0.1833677525,0.0633212383,-0.7268750477,-1.7360572827,-0.6417871338,0.6457447112,-0.6991720059,-0.6958740248,-0.0290222342,-0.761833648,-0.6450851149,-0.5652739708
2017-08-14,1.1503358287,1.4234086687,1.3211712528,1.2703823429,0.4821648456,1.1800176591,0.5224002158,1.267743958,0.0244050606,0.798771037,0.7591952631,1.1866136214,0.0356181965,0.7347902025,-0.0633212383,0.5191022346,0.8911145095,0.5448264877,0.2321778737,0.9419034193,0.6279356129,0.2051344282,1.3706409702,1.8950199746,0.7598548593
2017-08-15,-0.1378556125,0,0.0547464873,0.2308586812,0.3792678334,-0.145111171,-0.4590789775,-0.3284789235,-0.0976202423,-0.2816475911,0.0936626649,0.2453697983,-0.6813629077,0.1213657067,-0.5712103369,-0.4722709021,-1.2314661652,-0.1167485331,0.173473809,-0.1325788426,0.2737324363,-0.2334970661,-0.4195032036,-0.230199085,-0.4228011847
2017-08-16,-0.110812167,1.1721025043,-0.09102428,0.5520820462,1.0316085069,0.3337556934,0.3278193273,1.3198520603,1.4431965557,0.8495599469,-0.2625193003,0.366735505,0.0903646838,0.4834840381,0.2717536476,2.2479039588,1.1951883724,0.3660759088,0.6351911714,0,0.3720122749,0.4392910905,0.8864973358,1.1549530023,5.1976183084
2017-08-17,-0.4702921134,0.0639808345,-0.3100102291,1.0949297452,-0.468972921,-0.2598809154,0.0441929475,-0.5105274836,0.742045761,-0.1114717632,-0.2071132169,-0.6688305793,-0.6154032845,-1.2004651423,0,2.0480463004,1.9952786019,-0.5382305253,0.5151446572,-0.5646143746,-0.221624334,0.3199041725,0.5415285065,-0.2836263798,-1.8396138911
2017-08-18,-2.2861605402,0.255923338,0.0732151818,0.7624932442,-1.2202530293,-0.6820225039,-0.3561819653,-1.1496762324,-0.73347101,-0.6160628807,-0.6417871338,-1.3508530832,-1.0415024504,0.0613424496,-1.0995469188,-0.3245213462,-0.9115619927,-0.6602558283,-0.5111870798,-0.8047074031,-0.4452274566,-0.8113033654,0,-0.1708354241,-0.9913731367
2017-08-21,-0.750620512,-0.4458870529,-0.292860727,0,0.0804707403,0.0145111171,-0.3726718711,-0.4887608079,-0.7183002967,-0.2823071873,0.3812466221,-0.4386314943,-0.2598809154,-0.5494436613,0.0969606461,0.4478658415,-1.2129974707,0.1332384389,-0.8007498257,-0.1015778197,0.1246636879,-0.1174081293,-0.3304577122,0.0573848722,-0.3660759088
2017-08-22,-0.2631788966,0.3205637688,0.4412698792,0.221624334,0.881220566,0.0587040647,0.3449688294,0.2638384928,1.1859540252,0.5679123558,0.1134505519,0.6945548323,1.211018682,1.0467792202,0.0811303365,1.9827462735,2.0005553717,0.3403516557,0.7525993007,0.5098678874,0.5217406195,1.0283105257,0.6648730019,0.7427053573,0.3680546975
2017-08-23,-0.4986547514,0.7018103909,-0.3291385198,-0.1767717902,-0.8891357208,-0.1464303635,-0.0151707133,-0.1754525977,0.0474909287,-0.3937789505,-0.2077728131,-0.062661642,-0.3476072143,0.3034142667,0.6787245228,0.4716113059,1.0276509295,-0.3238617499,0.1147697444,-0.6741073491,0,0.0290222342,0.082449529,0,-0.3660759088
2017-08-24,0,-1.0098418312,0.238773836,0.3100102291,0.1002586273,0.1174081293,-0.238773836,-0.7552376857,-0.3799274296,-0.5659335671,0.6259568242,-0.5626355859,-0.4597385737,-0.2414122209,-0.9755428272,0.2730728401,-0.6747669454,0.073874778,0.0573848722,0.2724132438,-0.7644720329,0.5494436613,0,-0.5646143746,-0.50591031
2017-08-25,0.147749556,0.0639808345,-0.4392910905,0.6173820732,0.019787887,-0.4834840381,0.3146274027,0.2130495829,0.7169811042,0.3997153166,1.3152348867,0,-0.5369113329,0.9082640115,-1.1364843078,0.2717536476,1.8178472155,-0.0883858951,0.6279356129,-0.6107861109,0.0250646568,-0.1431323824,-0.0408949664,-0.1708354241,0.7882174973
2017-08-28,-0.0296818304,-0.3199041725,-0.1470899597,-0.2625193003,-0.3199041725,-0.2803283986,-0.2684556664,-0.46039817,-0.5672527595,-3.0651436902,-0.2579021267,-0.3786082372,0.1866657337,0.1794101751,-0.7268750477,0,-0.1655586542,-0.2367950473,-3.451007486,0.4795264607,-0.4735900946,-2.6726839322,-0.3284789235,-0.2856051685,-0.3205637688
2017-08-29,-1.9761503112,-2.1878807016,-0.0923434725,-0.4828244418,-1.3257884264,-0.2664768777,-0.3443092331,-1.3554702568,-0.7150023155,-1.4880490995,0.8878165283,-0.7611740518,0.036937389,0.1787505789,-0.5012931363,-1.2380621275,-1.1641873495,-0.4900800004,-1.19386918,0.102237416,-0.4016941053,-1.4676016163,-1.321830849,-0.5738487219,0.9207963399
2017-08-30,-0.395098143,0.2664768777,0.8139417503,0.3535435804,0.6154032845,1.0863549941,1.8805088575,0.6556386546,0.5303153706,0.6701497717,1.1496762324,0.2565829343,0.1675374429,0.7130235268,0.1517071334,1.8138896381,0.8462619657,0.0448525438,1.2156358556,1.119994402,0.5560396236,0.5817638766,0.8007498257,0.7519397045,0.6358507677
2017-08-31,1.9886826396,1.1272499605,1.0777802431,0.3515647917,0.4267587621,0.3218829612,0.7018103909,0.8838589509,0.5975941862,0.6028709561,0.4841436343,0.5751679143,-0.036937389,0.5289961781,0.8396660034,0.6523406735,2.7854748879,0.3139678064,-0.0593636609,0.7341306062,0.6266164204,0.4254395697,0.3746506598,0.3429900407,0.6741073491
2017-09-01,2.0196836625,-0.5863810503,-0.6107861109,0.5250386007,1.7360572827,0.1312596502,-0.1299404577,-0.1246636879,0.8053669993,0.7169811042,-0.0712363931,0.3799274296,0.5388901216,-0.3502455992,0.3977365279,0.6840012926,1.5500511453,0.1787505789,0.4181840111,-0.0659596232,0.2236031227,0.6938952361,1.9049139181,0.1708354241,-0.4452274566
2017-09-04,-1.3541510644,-0.7235770665,-0.3086910366,0.2170071603,-0.1965596771,-0.2908819383,0,-0.0178090983,0.3977365279,-1.0045650614,-0.588359839,-0.5672527595,0.3687142937,-0.8205377126,-0.2308586812,0.3759698523,1.8798492613,-0.815920539,-0.4155456262,-0.0329798116,-1.0639287223,-0.1794101751,-0.1609414806,-0.1134505519,-0.761833648
